"whale_index","Elapsed_DIV_Time","Pb_DIV_Ca","row_number","no_trend","nt_sd"
"SMP_210172",18.9296901226044,7.13563618766794e-07,1,-2.17170306958045e-07,-0.617963491668053
"SMP_210172",22.0859401226044,1.18468769345003e-06,2,2.54396416700197e-07,0.723891309700391
"SMP_210172",25.2402400970459,1.24216715033453e-06,3,3.12315009707151e-07,0.888700101788125
"SMP_210172",28.3945300579071,8.20854788197382e-07,4,-1.08561463708187e-07,-0.308914336003893
"SMP_210172",31.5507800579071,8.80374116579709e-07,5,-4.86092324347293e-08,-0.138318775818982
"SMP_210172",34.7050800323486,8.96852611648616e-07,6,-3.17013642695715e-08,-0.090207017842683
"SMP_210172",37.8613300323486,8.63024095716346e-07,7,-6.51035136743129e-08,-0.185253661946564
"SMP_210172",41.0136702060699,1.21900531938656e-06,8,2.91300273768981e-07,0.828902149762655
"SMP_210172",44.1699202060699,1.1556683745991e-06,9,2.28383130549208e-07,0.649869859140249
"SMP_210172",47.3242201805115,1.37239936859825e-06,10,4.45530373798815e-07,1.26776772245424
"SMP_210172",50.478520154953,1.56382714713342e-06,11,6.3737110199849e-07,1.81365526989559
"SMP_210172",53.634770154953,9.68743653463664e-07,12,4.26975029779294e-08,0.121496803109671
"SMP_210172",56.7890601158142,1.33967785745462e-06,13,4.14038031173234e-07,1.17815548088076
"SMP_210172",59.9453101158142,9.49887276818213e-07,14,2.46507016057162e-08,0.070144182460812
"SMP_210172",63.0996100902557,1.17938143022987e-06,15,2.54544525719928e-07,0.724312757587362
"SMP_210172",66.2539100646973,1.21115647936663e-06,16,2.86715907710633e-07,0.815857222506331
"SMP_210172",69.4101600646973,6.56362428795348e-07,17,-2.67684913592876e-07,-0.761704057003851
"SMP_210172",72.5644500255585,1.01604459092923e-06,18,9.23868794388661e-08,0.262889155529843
"SMP_210172",75.71875,1.08335140040389e-06,19,1.60079960248371e-07,0.455511494949803
"SMP_210172",78.8730499744415,5.2436452128582e-07,20,-3.9852401599076e-07,-1.13400996611753
"SMP_210172",82.0292999744415,7.10655004013526e-07,21,-2.1185377290852e-07,-0.60283516224385
"SMP_210172",85.1835901737213,5.29798228402274e-07,22,-3.9233440875923e-07,-1.11639728531218
"SMP_210172",88.3378901481628,8.14629780876678e-07,23,-1.07130106765924e-07,-0.304841374344199
"SMP_210172",91.4941401481628,7.92771276142378e-07,24,-1.28619033760593e-07,-0.365988648775186
"SMP_210172",94.6484401226044,1.15266053541196e-06,25,2.31636167142428e-07,0.659126455402549
"SMP_210172",97.8027400970459,9.56871908254326e-07,26,3.62100672490097e-08,0.103036643932432
"SMP_210172",100.958990097046,1.01514637185034e-06,27,9.48438570325013e-08,0.269880546176108
"SMP_210172",104.113280057907,1.19619291101186e-06,28,2.76246068521585e-07,0.786065035567457
"SMP_210172",107.267580032349,8.92267533794488e-07,29,-2.73270725595185e-08,-0.0777598623517566
"SMP_210172",110.423830032349,1.38347778267452e-06,30,4.64232182040007e-07,1.32098418138509
"SMP_210172",113.57813000679,7.019383430982e-07,31,-2.16961921140511e-07,-0.617370524658792
"SMP_210172",116.73242020607,1.03715071175274e-06,32,1.18592322573204e-07,0.337457393549292
"SMP_210172",119.886720180511,7.1224806301395e-07,33,-2.05971917974711e-07,-0.586098198230241
"SMP_210172",123.042970180511,5.78979037905552e-07,34,-3.38905804493293e-07,-0.964364867484882
"SMP_210172",126.197270154953,9.5882659911745e-07,35,4.12732039355096e-08,0.117443924878932
"SMP_210172",129.351560115814,7.48787467566916e-07,36,-1.68437972323505e-07,-0.479294425488052
"SMP_210172",132.507810115814,5.602241603889e-07,37,-3.56676622203782e-07,-1.01493216978322
"SMP_210172",135.662110090256,9.23116973403903e-07,38,6.53714024796488e-09,0.0186015946182577
"SMP_210172",138.816410064697,7.88461166308356e-07,39,-1.27801231257291e-07,-0.363661571480346
"SMP_210172",141.972660064697,9.22412956300065e-07,40,6.46466580225095e-09,0.0183953667864817
"SMP_210172",145.126950025558,6.17574816995134e-07,41,-2.98063091721083e-07,-0.848145915882137
"SMP_210172",148.283200025558,7.87849842363774e-07,42,-1.27481031782692e-07,-0.36275043593827
"SMP_210172",151.4375,6.98323721879425e-07,43,-2.16703852944928e-07,-0.616636185211263
"SMP_210172",154.591799974442,7.46706521750651e-07,44,-1.68021305860703e-07,-0.478108790739819
"SMP_210172",157.746090173721,5.74568624071112e-07,45,-3.39863016999365e-07,-0.9670886393983
"SMP_210172",160.900390148163,7.05734317542292e-07,46,-2.08404703474288e-07,-0.593020749673189
"SMP_210172",164.056640148163,6.1249631358644e-07,47,-3.01353484853571e-07,-0.857508811102918
"SMP_210172",167.210940122604,4.42654879292567e-07,48,-4.70909459083492e-07,-1.33998453872871
"SMP_210172",170.367190122604,4.32560106677842e-07,49,-4.807221888582e-07,-1.36790690454065
"SMP_210172",173.521490097046,9.04520572533907e-07,50,-8.48345354962963e-09,-0.0241398773633711
"SMP_210172",176.675780057907,9.02176494163233e-07,51,-1.055286900708e-08,-0.0300284503442296
"SMP_210172",179.832030057907,1.14464710193055e-06,52,2.32188955674878e-07,0.660699428874161
"SMP_210172",182.986330032349,7.03009329271006e-07,53,-2.091813897327e-07,-0.595230829674003
"SMP_210172",186.14063000679,7.70717985992403e-07,54,-1.41208934389047e-07,-0.401813523091987
"SMP_210172",189.29688000679,1.08998032482444e-06,55,1.7831372649406e-07,0.507396128780622
"SMP_210172",192.45117020607,1.13059554942779e-06,56,2.19185466463928e-07,0.623697677993831
"SMP_210172",195.605470180511,1.07445699824269e-06,57,1.63299779859577e-07,0.464673571466399
"SMP_210172",198.759770154953,8.59241383749465e-07,58,-5.16666292898885e-08,-0.14701867435711
"SMP_210172",201.916020154953,1.22149527844634e-06,59,3.10832954522136e-07,0.884482877021971
"SMP_210172",205.070310115814,7.47223770056316e-07,60,-1.63196692986048e-07,-0.464380235212453
"SMP_210172",208.224610090256,1.27582017681491e-06,61,3.65637893234388e-07,1.04043168863285
"SMP_210172",211.380860090256,8.39905338384482e-07,62,-7.00423117570689e-08,-0.199307134314004
"SMP_210172",214.535160064697,1.25457574888479e-06,63,3.44858888577658e-07,0.981304515812029
"SMP_210172",217.689450025558,9.47399082146128e-07,64,3.79093058080921e-08,0.107871869373037
"SMP_210172",220.845700025558,8.8561712693071e-07,65,-2.36491405711636e-08,-0.0672942157102913
"SMP_210172",224,1.76329571278042e-06,66,8.54249094419525e-07,2.43078697330269
"SMP_210172",227.15625,6.36861170983577e-07,67,-2.7196939401302e-07,-0.773895652243099
"SMP_210172",230.310549974442,9.68724466990193e-07,68,6.01060849581727e-08,0.171033354658493
"SMP_210172",233.464840173721,9.67195395549786e-07,69,5.8785452429224e-08,0.167275462061522
"SMP_210172",236.619140148163,7.9750609965179e-07,70,-1.1069915496915e-07,-0.314997189476068
"SMP_210172",239.773440122604,1.0022262028555e-06,71,9.42218780199377e-08,0.268110689478239
"SMP_210172",242.929690122604,1.00007698481381e-06,72,9.22699441210029e-08,0.26255641318427
"SMP_210172",246.083990097046,4.77886784733582e-07,73,-4.29726868889769e-07,-1.22279845749817
"SMP_210172",249.240240097046,7.44911861481233e-07,74,-1.62512070698505e-07,-0.462432125522828
"SMP_210172",252.394530057907,5.99881544842677e-07,75,-3.0735657418889e-07,-0.874590750611183
"SMP_210172",255.548830032349,9.22839612490628e-07,76,1.57835102262288e-08,0.0449123695904848
"SMP_210172",258.705080032349,6.85619970857939e-07,77,-2.21257810272326e-07,-0.629594583669899
"SMP_210172",261.85938000679,7.76062708839766e-07,78,-1.30640674788237e-07,-0.371741278431798
"SMP_210172",265.01367020607,9.68414198562643e-07,79,6.18813919806409e-08,0.176085034797248
"SMP_210172",268.16992020607,1.08641399785968e-06,80,1.80048043175408e-07,0.512331169887652
"SMP_210172",271.324220180511,1.22300253302005e-06,81,3.16799490723942e-07,0.901460803682748
"SMP_210172",274.478520154953,5.27249474736549e-07,82,-3.78794498061611e-07,-1.07786913379472
"SMP_210172",277.632810115814,1.26580716706043e-06,83,3.5991841273273e-07,1.02415676509086
"SMP_210172",280.789060115814,8.32743792678268e-07,84,-7.29935084934716e-08,-0.207704837781722
"SMP_210172",283.943360090256,6.86024589242126e-07,85,-2.19565219386167e-07,-0.624778274347379
"SMP_210172",287.097660064697,1.54335567630207e-06,86,6.37909486719727e-07,1.81518725696536
"SMP_210172",290.253910064697,5.81157616487263e-07,87,-3.24148750011667e-07,-0.922373303159457
"SMP_210172",293.408200025558,5.89576794283598e-07,88,-3.15593725947866e-07,-0.898029770123918
"SMP_210172",296.5625,6.89110499264307e-07,89,-2.159280707164e-07,-0.614428677649893
"SMP_210172",299.71875,1.37863365477748e-06,90,4.73723208893275e-07,1.3479911335597
"SMP_210172",302.873049974442,9.74893221852252e-07,91,7.01069079379264e-08,0.199490944347845
"SMP_210172",306.029299974442,6.81091164868241e-07,92,-2.23574863384031e-07,-0.636187815734383
"SMP_210172",309.181640148163,9.70054580892292e-07,93,6.55047646803707e-08,0.186395431630514
"SMP_210172",312.337890148163,1.30390220705486e-06,94,3.99464809878679e-07,1.136687018446
"SMP_210172",315.492190122604,6.6227037916154e-07,95,-2.42058612019228e-07,-0.688783780651113
"SMP_210172",318.646490097046,7.56167282515029e-07,96,-1.48057252688421e-07,-0.421300582569013
"SMP_210172",321.802740097046,7.2587948436351e-07,97,-1.78244491627794e-07,-0.50719911925247
"SMP_210172",324.957030057907,5.35326143110065e-07,98,-3.68701302645968e-07,-1.04914869604931
"SMP_210172",328.113280057907,1.10993909982811e-06,99,2.06004267635128e-07,0.586190249990839
"SMP_210172",331.267580032349,1.04432951578473e-06,100,1.40483258076409e-07,0.399748593156309
"SMP_210172",334.42188000679,1.20209631695351e-06,101,2.98334645449082e-07,0.848918628746433
"SMP_210172",337.57813000679,4.20332298626564e-07,102,-4.83348734021026e-07,-1.37538080390829
"SMP_210172",340.73242020607,8.34407786485904e-07,103,-6.91966621798003e-08,-0.19690081747992
"SMP_210172",343.886720180511,8.71767313056139e-07,104,-3.17645626215412e-08,-0.0903868503197737
"SMP_210172",347.041020154953,5.22565517796829e-07,105,-3.80897803780874e-07,-1.08385414235564
"SMP_210172",350.197270154953,8.05246462709617e-07,106,-9.81522926620773e-08,-0.27929478176959
"SMP_210172",353.351560115814,1.32059774913953e-06,107,4.17259484457803e-07,1.18732220605541
"SMP_210172",356.505860090256,1.22398683108141e-06,108,3.20705015443411e-07,0.912574071082169
"SMP_210172",359.662110090256,8.65544073310263e-07,109,-3.76855571423057e-08,-0.107235186998259
"SMP_210172",362.816410064697,6.8632103985879e-07,110,-2.16860967507422e-07,-0.617083258593398
"SMP_210172",365.970700025558,7.52956037013229e-07,111,-1.50182854873279e-07,-0.427349036275468
"SMP_210172",369.126950025558,1.01144860244679e-06,112,1.08348362181184e-07,0.308307950326442
"SMP_210172",372.28125,7.73521216851926e-07,113,-1.29544862568556e-07,-0.368623117597694
"SMP_210172",375.435549974442,7.18105752568738e-07,114,-1.8493061054111e-07,-0.526224636355867
"SMP_210172",378.591799974442,1.26870736598999e-06,115,3.65696309905196e-07,1.04059791471767
"SMP_210172",381.746090173721,3.70992845844919e-07,116,-5.31997322841894e-07,-1.5138115692996
"SMP_210172",384.900390148163,4.16151821218953e-07,117,-4.86821841590418e-07,-1.38526361758841
"SMP_210172",388.054690122604,9.87149578048461e-07,118,8.41880605009532e-08,0.239559213009636
"SMP_210172",391.210940122604,9.23250618643416e-07,119,2.02969102063166e-08,0.057755361112012
"SMP_210172",394.365240097046,1.20049475427275e-06,120,2.97544530132511e-07,0.846670336027746
"SMP_210172",397.519530057907,8.37254941609792e-07,121,-6.56960958973017e-08,-0.186939869351011
"SMP_210172",400.675780057907,4.76597420794422e-07,122,-4.26358711237137e-07,-1.21321428140769
"SMP_210172",403.830080032349,8.56638944062681e-07,123,-4.63265363727698e-08,-0.131823307591192
"SMP_210172",406.986330032349,1.26628225303497e-06,124,3.63303179762229e-07,1.03378820357493
"SMP_210172",410.14063000679,1.14929695930265e-06,125,2.46300086542646e-07,0.700853001545196
"SMP_210172",413.29492020607,9.32075014872052e-07,126,2.90561499347063e-08,0.0826799948832343
"SMP_210172",416.45117020607,6.72957965061012e-07,127,-2.30087081364519e-07,-0.65471849342276
"SMP_210172",419.605470180511,8.08000449895933e-07,128,-9.50749139282335e-08,-0.270538024300354
"SMP_210172",422.759770154953,8.36787247544498e-07,129,-6.6322563500598e-08,-0.188722498445073
"SMP_210172",425.914060115814,6.86967046827042e-07,130,-2.16181320155874e-07,-0.615149305207464
"SMP_210172",429.070310115814,5.77004152249769e-07,131,-3.26186886279223e-07,-0.928172870430121
"SMP_210172",432.224610090256,9.82647098142493e-07,132,7.94093462898791e-08,0.225961263267227
"SMP_210172",435.378910064697,6.68964138485985e-07,133,-2.34324372593626e-07,-0.666775810649187
"SMP_210172",438.535160064697,1.10407719649059e-06,134,2.00733866148323e-07,0.571193191917391
"SMP_210172",441.689450025558,1.18413063252087e-06,135,2.80728511798532e-07,0.798819939022842
"SMP_210172",444.84375,7.37161845178935e-07,136,-1.66303049064723e-07,-0.473219448434696
"SMP_210172",448,8.36158950150753e-07,137,-6.73727220764693e-08,-0.191710750704053
"SMP_210172",451.154299974442,6.73193963958482e-07,138,-2.30408387212368e-07,-0.655632777177345
"SMP_210172",454.308590173721,9.34137077589317e-07,139,3.04601276935929e-08,0.0866750483979557
"SMP_210172",457.464840173721,7.36275969783902e-07,140,-1.67479527833882e-07,-0.476567147934903
"SMP_210172",460.619140148163,7.17874275255773e-07,141,-1.85963600810567e-07,-0.529164035773376
"SMP_210172",463.773440122604,5.70287840054861e-07,142,-3.33636271536101e-07,-0.949370280833976
"SMP_210172",466.927740097046,7.22629310834972e-07,143,-1.81384872380177e-07,-0.516135150527151
"SMP_210172",470.083990097046,9.71300942538744e-07,144,6.71928133587714e-08,0.191198815988265
"SMP_210172",473.238280057907,9.84843810668164e-07,145,8.06379985713948e-08,0.22945742379012
"SMP_210172",476.392580032349,1.26304469989623e-06,146,3.58737431421425e-07,1.02079625349537
"SMP_210172",479.548830032349,1.15519616838264e-06,147,2.50783625151761e-07,0.713611021795416
"SMP_210172",482.70313000679,9.71287774135468e-07,148,6.67662888415738e-08,0.189985129901886
"SMP_210172",485.85742020607,1.15613521875433e-06,149,2.51501081537589e-07,0.715652561725602
"SMP_210172",489.01367020607,1.02913160147507e-06,150,1.24381049693442e-07,0.353929360060931
"SMP_210172",492.167970180511,7.71309755403629e-07,151,-1.33560808405454e-07,-0.380050591023878
"SMP_210172",495.324220180511,1.39632193757285e-06,152,4.9132763689265e-07,1.39808496981059
"SMP_210172",498.478520154953,8.9167384302613e-07,153,-1.34477454848568e-08,-0.0382658931199599
"SMP_210172",501.632810115814,1.04400376330228e-06,154,1.38751282075451e-07,0.394820212513349
"SMP_210172",504.787110090256,1.72879408501496e-06,155,8.23407126332638e-07,2.34302538860055
"SMP_210172",507.941410064697,1.15157798847491e-06,156,2.46052988983753e-07,0.70014987931631
"SMP_210172",511.097660064697,1.17408088703525e-06,157,2.68414215738693e-07,0.76377930433772
"SMP_210172",514.251950025558,5.43671714563442e-07,158,-3.62140063023376e-07,-1.03047852606318
"SMP_210172",517.408200025558,9.78680605661484e-07,159,7.27201279693598e-08,0.206926926723803
"SMP_210172",520.5625,6.66709570478038e-07,160,-2.39402995949311e-07,-0.681227159296735
"SMP_210172",523.716799974442,5.71309523895539e-07,161,-3.34958589711982e-07,-0.953132969981076
"SMP_210172",526.873049974442,1.21558364473409e-06,162,3.09156447132888e-07,0.879712333688591
"SMP_210172",530.027340173721,8.64173491634809e-07,163,-4.24161087040184e-08,-0.120696088728054
"SMP_210172",533.181640148163,5.6164633895136e-07,164,-3.45109060125632e-07,-0.982016385153042
"SMP_210172",536.337890148163,1.01687923794159e-06,165,1.09954559976088e-07,0.312878425966284
"SMP_210172",539.492190122604,1.21915814098396e-06,166,3.12060934138021e-07,0.887977123458138
"SMP_210172",542.646490097046,1.00180911383953e-06,167,9.45360455531008e-08,0.269004660981441
"SMP_210172",545.800780057907,5.85585993964378e-07,168,-3.21866246772058e-07,-0.915878383612443
"SMP_210172",548.957030057907,9.85309755089238e-07,169,7.7674936917513e-08,0.221025958405609
"SMP_210172",552.111330032349,1.13089718005228e-06,170,2.2307662661444e-07,0.634770070656213
"SMP_210172",555.26563000679,1.00496013696969e-06,171,9.6950599624595e-08,0.275875334443859
"SMP_210172",558.42188000679,3.96877985994886e-07,172,-5.11323882743543e-07,-1.45498478304638
"SMP_210172",561.57617020607,1.2294283953181e-06,173,3.21031106954285e-07,0.913501972559519
"SMP_210172",564.730470180511,1.25578141822512e-06,174,3.47185523936552e-07,0.987925014398413
"SMP_210172",567.886720180511,9.41485559190296e-07,175,3.26877685432407e-08,0.0930138556544039
"SMP_210172",571.041020154953,9.90892511341648e-07,176,8.18898043648937e-08,0.233019468205291
"SMP_210172",574.197270154953,1.01505125299366e-06,177,1.05840377357212e-07,0.301171417341889
"SMP_210172",577.351560115814,7.47201592951188e-07,178,-1.62220424786818e-07,-0.461602239851802
"SMP_210172",580.505860090256,6.82729211485212e-07,179,-2.2690702981006e-07,-0.64566957789741
"SMP_210172",583.660160064697,1.12989968468842e-06,180,2.20046160022051e-07,0.626146802848345
"SMP_210172",586.814450025558,1.42955206799353e-06,181,5.19478221822983e-07,1.47818815702673
"SMP_210172",589.970700025558,9.18379703181758e-07,182,8.08237795096092e-09,0.0229986068054949
"SMP_210172",593.125,1.1558723078181e-06,183,2.45348643797011e-07,0.698145647628121
"SMP_210172",596.28125,6.18113197273879e-07,184,-2.92639924113577e-07,-0.832714158025467
"SMP_210172",599.435549974442,1.11018532870826e-06,185,1.99199935896912e-07,0.566828355363928
"SMP_210172",602.589840173721,1.67556271856323e-06,186,7.64342121132484e-07,2.1749544521998
"SMP_210172",605.746090173721,1.00180385563903e-06,187,9.03449918078339e-08,0.257078913661417
"SMP_210172",608.900390148163,8.91711291760612e-07,188,-1.99885841242001e-08,-0.0568780116025606
"SMP_210172",612.054690122604,1.41878092400853e-06,189,5.06837165083583e-07,1.44221771672817
"SMP_210172",615.210940122604,1.25787020965949e-06,190,3.45679564273928e-07,0.983639768848678
"SMP_210172",618.365240097046,1.21766760930584e-06,191,3.05227400094158e-07,0.868532132946644
"SMP_210172",621.519530057907,9.40408963786548e-07,192,2.77163835103123e-08,0.0788676563124825
"SMP_210172",624.673830032349,6.94136343438041e-07,193,-2.18811395767075e-07,-0.622633250553469
"SMP_210172",627.830080032349,1.17288859026843e-06,194,2.59682765739817e-07,0.738933746930682
"SMP_210172",630.98438000679,1.66479068012945e-06,195,7.51324183775693e-07,2.13791158876233
"SMP_210172",634.13867020607,6.53706290495617e-07,196,-2.60023600987951e-07,-0.739903602077872
"SMP_210172",637.29492020607,1.04012001093673e-06,197,1.26123855025258e-07,0.358888555833286
"SMP_210172",640.449220180511,7.49311391835206e-07,198,-1.64953546990647e-07,-0.469379406831447
"SMP_210172",643.603520154953,8.70770663238068e-07,199,-4.3765719684879e-08,-0.124536440228258
"SMP_210172",646.759770154953,7.90211003748349e-07,200,-1.24599633732335e-07,-0.354551346361866
"SMP_210172",649.914060115814,8.63342866500632e-07,201,-5.17444752432423e-08,-0.147240186947024
"SMP_210172",653.070310115814,1.00240052325648e-06,202,8.70337046668961e-08,0.247656564021672
"SMP_210172",656.222660064697,7.37472076729832e-07,203,-1.78176449033353e-07,-0.507005502363347
"SMP_210172",659.378910064697,9.90633847743863e-07,204,7.47007084232421e-08,0.212562717499966
"SMP_210172",662.533200025558,7.47256565528361e-07,205,-1.68963546677726e-07,-0.480789960340928
"SMP_210172",665.6875,1.19371081379286e-06,206,2.77201213472925e-07,0.788782924202633
"SMP_210172",668.84375,9.21998544772042e-07,207,5.19678172012903e-09,0.0147875712024852
"SMP_210172",671.998049974442,9.7571107986889e-07,208,5.86148614679247e-08,0.166790041252535
"SMP_210172",675.154299974442,8.97500693460092e-07,209,-1.98926159739516e-08,-0.0566049318521694
"SMP_210172",678.308590173721,1.06230662649433e-06,210,1.44613979365318e-07,0.411502662976242
"SMP_210172",681.462890148163,4.93350579674035e-07,211,-4.24643815486817e-07,-1.20833450304131
"SMP_210172",684.619140148163,9.51970109627832e-07,212,3.36713892434813e-08,0.0958127727389346
"SMP_210172",687.773440122604,8.3612266702207e-07,213,-8.24825587476876e-08,-0.234706165494731
"SMP_210172",690.927740097046,8.88276271403998e-07,214,-3.06378062216732e-08,-0.0871806370539046
"SMP_210172",694.082030057907,7.43532675384424e-07,215,-1.75692578599637e-07,-0.499937587474011
"SMP_210172",697.238280057907,1.10681634270709e-06,216,1.87277412356246e-07,0.532902519093374
"SMP_210172",700.392580032349,8.92960316575071e-07,217,-2.68958036464258e-08,-0.0765326759692549
"SMP_210172",703.54688000679,8.5151543267218e-07,218,-6.86629711314627e-08,-0.195382186372738
"SMP_210172",706.70313000679,1.02858069166045e-06,219,1.08074750077813e-07,0.307529380304003
"SMP_210172",709.85742020607,1.14048579108049e-06,220,2.19647506736653e-07,0.625012425042928
"SMP_210172",713.011720180511,8.57623682933598e-07,221,-6.35519085902589e-08,-0.180838531218692
"SMP_210172",716.167970180511,5.18697814023849e-07,222,-4.02820217728921e-07,-1.14623491465774
"SMP_210172",719.322270154953,1.01763447179866e-06,223,9.5769333359453e-08,0.272514012005162
"SMP_210172",722.476560115814,9.32239865937357e-07,224,1.00227888549658e-08,0.0285200941317585
"SMP_210172",725.632810115814,6.33797125904671e-07,225,-2.88776902589718e-07,-0.821721834522722
"SMP_210172",728.787110090256,1.00758226239109e-06,226,8.46467553477628e-08,0.240864440566364
"SMP_210172",731.941410064697,1.02338450059234e-06,227,1.00082812233293e-07,0.284788123063215
"SMP_210172",735.095700025558,5.9160991743806e-07,228,-3.320626103895e-07,-0.9448923890334
"SMP_210172",738.251950025558,8.39278410291605e-07,229,-8.47698076129181e-08,-0.241214588837083
"SMP_210172",741.40625,1.21967244738627e-06,230,2.95244197643091e-07,0.840124682908445
"SMP_210172",744.560549974442,7.72468254653331e-07,231,-1.52344555951052e-07,-0.43350021027653
"SMP_210172",747.716799974442,7.88607802916814e-07,232,-1.36594296033477e-07,-0.38868245526353
"SMP_210172",750.871090173721,1.00531845442897e-06,233,7.97228653540285e-08,0.226853389535777
"SMP_210172",754.025390148163,1.21423947432108e-06,234,2.88245995201242e-07,0.820211124388679
"SMP_210172",757.181640148163,8.88427848518298e-07,235,-3.79681259356765e-08,-0.108039243504112
"SMP_210172",760.335940122604,9.87003865613408e-07,236,6.02013313351026e-08,0.171304380585015
"SMP_210172",763.492190122604,8.08535686535389e-07,237,-1.18677931250047e-07,-0.337700995161316
"SMP_210172",766.646490097046,6.2728568350302e-07,238,-3.00342990061241e-07,-0.85463342312319
"SMP_210172",769.800780057907,8.17303516389968e-07,239,-1.10744393122704e-07,-0.315125915763369
"SMP_210172",772.955080032349,6.65532235493776e-07,240,-2.62939049369434e-07,-0.748199582715536
"SMP_210172",776.111330032349,4.84283570292991e-07,241,-4.44615450093729e-07,-1.26516428437228
"SMP_210172",779.26563000679,5.76608162708337e-07,242,-3.5272238138753e-07,-1.00368027952283
"SMP_210172",782.41992020607,1.36776222806431e-06,243,4.37996153852328e-07,1.24632891283822
"SMP_210172",785.57617020607,5.54762657506031e-07,244,-3.75443185417888e-07,-1.06833289059464
"SMP_210172",788.730470180511,6.26902103920309e-07,245,-3.03747158111581e-07,-0.864320067692973
"SMP_210172",791.884770154953,4.07907957040284e-07,246,-5.23188601547563e-07,-1.48874613450594
"SMP_210172",795.041020154953,8.71367463038328e-07,247,-6.01805061952309e-08,-0.171245122133296
"SMP_210172",798.195310115814,7.66787832131761e-07,248,-1.65215059145375e-07,-0.470123546150092
"SMP_210172",801.349610090256,9.21339632312039e-07,249,-1.11219295800024e-08,-0.0316477263103574
"SMP_210172",804.505860090256,8.84394812477067e-07,250,-4.85294107154897e-08,-0.138091641138264
"SMP_210172",807.660160064697,6.74836249205975e-07,251,-2.58554010828997e-07,-0.735721846852361
"SMP_210172",810.814450025558,5.51514561594413e-07,252,-3.82345350604464e-07,-1.08797317272396
"SMP_210172",813.96875,8.59030981881043e-07,253,-7.53021573558692e-08,-0.214274155346477
"SMP_210172",817.125,9.0353890746244e-07,254,-3.12712845916835e-08,-0.0889832154584347
"SMP_210172",820.279299974442,1.01936119421324e-06,255,8.40707564894602e-08,0.2392254215372
"SMP_210172",823.433590173721,7.0337518983993e-07,256,-2.32398935123176e-07,-0.661296930599264
"SMP_210172",826.589840173721,6.39215690635501e-07,257,-2.97045824871557e-07,-0.845251257845794
"SMP_210172",829.744140148163,8.81748635275245e-07,258,-5.50033268861183e-08,-0.156513330077263
"SMP_210172",832.898440122604,4.20050318329864e-07,259,-5.17195403244847e-07,-1.47169234017612
"SMP_210172",836.054690122604,9.77817094600821e-07,260,4.00740360118161e-08,0.11403166282708
"SMP_210172",839.208990097046,1.09643797375241e-06,261,1.58194658539259e-07,0.450146822203655
"SMP_210172",842.365240097046,6.36104542076907e-07,262,-3.02642524411789e-07,-0.861176805118547
"SMP_210172",845.519530057907,1.24267539930165e-06,263,3.03421754416063e-07,0.863394123411267
"SMP_210172",848.673830032349,2.61540623271401e-07,264,-6.78222697172873e-07,-1.9298994965939
"SMP_210172",851.82813000679,7.32638516530156e-07,265,-2.07637531602e-07,-0.590837743093933
"SMP_210172",854.98242020607,7.57026692160879e-07,266,-1.83765090756089e-07,-0.522908120916679
"SMP_210172",858.13867020607,1.09155305515689e-06,267,1.50242249015233e-07,0.427518043778661
"SMP_210172",861.292970180511,8.02622771528875e-07,268,-1.39209659895857e-07,-0.396124537963587
"SMP_210172",864.449220180511,1.29449239476522e-06,269,3.52135134536766e-07,1.0020092540523
"SMP_210172",867.603520154953,9.76157465492976e-07,270,3.32728649017561e-08,0.0946787618459318
"SMP_210172",870.757810115814,9.95470960975436e-07,271,5.20562302094348e-08,0.148127293431109
"SMP_210172",873.914060115814,1.05052061595112e-06,272,1.06572674988018e-07,0.303255188402543
"SMP_210172",877.068360090256,9.90889376128719e-07,273,4.64058489428673e-08,0.132048993475405
"SMP_210172",880.222660064697,1.1133917511678e-06,274,1.68369976574715e-07,0.479100941899391
"SMP_210172",883.378910064697,6.14656519605008e-07,275,-3.30906455320364e-07,-0.941602521125394
"SMP_210172",886.533200025558,8.48802905218685e-07,276,-9.73035090435594e-08,-0.276879546943443
"SMP_210172",889.6875,1.1479849205262e-06,277,2.01332534336317e-07,0.57289671708612
"SMP_210172",892.841799974442,7.96104241694569e-07,278,-1.51096603863206e-07,-0.42994913167632
"SMP_210172",895.998049974442,1.17219114590718e-06,279,2.2443905564869e-07,0.638646896245072
"SMP_210172",899.152340173721,8.71902059432711e-07,280,-7.6403334538293e-08,-0.21740758231505
"SMP_210172",902.306640148163,1.13278246491571e-06,281,1.83921408395798e-07,0.523352926635272
"SMP_210172",905.462890148163,7.31762806208225e-07,282,-2.17656572210774e-07,-0.61934717149824
"SMP_210172",908.617190122604,8.36705068819264e-07,283,-1.13274557501352e-07,-0.322325561220542
"SMP_210172",911.771490097046,1.3820143484539e-06,284,4.31472247421268e-07,1.227764975374
"SMP_210172",914.927740097046,7.96842041896371e-07,285,-1.54265066973965e-07,-0.43896507199787
"SMP_210172",918.082030057907,8.58749352968762e-07,286,-9.29245534530541e-08,-0.264419120265082
"SMP_210172",921.238280057907,5.44082365115545e-07,287,-4.08160789486895e-07,-1.16143164397718
"SMP_210172",924.392580032349,1.01203313046853e-06,288,5.92190257011253e-08,0.168509205554134
"SMP_210172",927.54688000679,8.89346228027615e-07,289,-6.40408365146813e-08,-0.182229787747185
"SMP_210172",930.70117020607,1.38007876113601e-06,290,4.26116772422966e-07,1.21252583851479
"SMP_210172",933.855470180511,8.49960422185168e-07,291,-1.04578415228602e-07,-0.297580472823403
"SMP_210172",937.011720180511,9.58515341945897e-07,292,3.39741816066033e-09,0.00966743759138174
"SMP_210172",940.166020154953,9.2938964556895e-07,293,-2.63088432530124e-08,-0.0748624656202191
"SMP_210172",943.322270154953,5.60500082709692e-07,294,-3.95781124151023e-07,-1.12620499939673
"SMP_210172",946.476560115814,8.66305301626383e-07,295,-9.05600109250958e-08,-0.257690755889481
"SMP_210172",949.630860090256,7.1883940919385e-07,296,-2.38611716450774e-07,-0.678975553869409
"SMP_210172",952.787110090256,1.05773253897696e-06,297,9.96935744284749e-08,0.283680537241176
"SMP_210172",955.941410064697,6.11669735064928e-07,298,-3.46958324377492e-07,-0.987278512421283
"SMP_210172",959.095700025558,4.84528721950371e-07,299,-4.74690005744246e-07,-1.3507421779641
"SMP_210172",962.251950025558,7.49196143605738e-07,300,-2.10615152591395e-07,-0.599310637428542
"SMP_210172",965.40625,5.91013230565312e-07,301,-3.69391756847191e-07,-1.05111340059388
"SMP_210172",968.560549974442,7.61764594403799e-07,302,-1.99235529145062e-07,-0.566929636833825
"SMP_210172",971.714840173721,7.91274427132368e-07,303,-1.70322232193666e-07,-0.48465613365564
"SMP_210172",974.871090173721,9.99771806093125e-07,304,3.7576881043767e-08,0.106925946466003
"SMP_210172",978.025390148163,8.25193489146299e-07,305,-1.37600647021378e-07,-0.391546051945037
"SMP_210172",981.179690122604,8.22717464038569e-07,306,-1.40677154424177e-07,-0.400300330020185
"SMP_210172",984.335940122604,9.27339530128578e-07,307,-3.66571707316519e-08,-0.104308887975094
"SMP_210172",987.490240097046,9.20078719517534e-07,308,-4.45208764218456e-08,-0.126685257442127
"SMP_210172",990.644530057907,1.18354345811448e-06,309,2.18339828153525e-07,0.62129139321989
"SMP_210172",993.800780057907,7.90357538075431e-07,310,-1.75451599686477e-07,-0.499251876003227
"SMP_210172",996.955080032349,9.60191090468192e-07,311,-6.22423530487635e-09,-0.0177112158464096
"SMP_210172",1000.11133003235,9.0308612121033e-07,312,-6.39367788017328e-08,-0.181933688945606
"SMP_210172",1003.26367020607,1.07524776702848e-06,313,1.07617078907929e-07,0.306227065645343
"SMP_210172",1006.41992020607,6.04338717935649e-07,314,-3.63901436368815e-07,-1.03549055757856
"SMP_210172",1009.57422018051,7.0237958580873e-07,315,-2.66470538646303e-07,-0.758248522991445
"SMP_210172",1012.72852015495,9.67072568032378e-07,316,-2.388363375884e-09,-0.00679614718884433
"SMP_210172",1015.88477015495,8.24587020496524e-07,317,-1.45485889573235e-07,-0.413983705085786
"SMP_210172",1019.03906011581,9.0841749082762e-07,318,-6.22677680176354e-08,-0.177184477388007
"SMP_210172",1022.19531011581,9.29018379105027e-07,319,-4.22803161550953e-08,-0.120309687664067
"SMP_210172",1025.34961009026,1.34670458995331e-06,320,3.74792174032192e-07,1.06648042155937
"SMP_210172",1028.5039100647,1.16472219952175e-06,321,1.92195443337443e-07,0.546896898158553
"SMP_210172",1031.6601600647,7.15447412278811e-07,322,-2.57694640659365e-07,-0.733276487732597
"SMP_210172",1034.81445002556,8.88811108117616e-07,323,-8.49463923613149e-08,-0.24171706511583
"SMP_210172",1037.96875,1.41699969873186e-06,324,4.42626259471868e-07,1.25950399314971
"SMP_210172",1041.12304997444,1.3417699417485e-06,325,3.6677815345395e-07,1.04367632735239
"SMP_210172",1044.27929997444,7.23218563095683e-07,326,-2.52396310256143e-07,-0.718199957235183
"SMP_210172",1047.43359017372,9.32488398139432e-07,327,-4.37535087357644e-08,-0.124501693669868
"SMP_210172",1050.58789014816,1.29246836716967e-06,328,3.15595106478483e-07,0.89803369845801
"SMP_210172",1053.74414014816,5.28909598461158e-07,329,-4.48599713022551e-07,-1.27650160329818
"SMP_210172",1056.8984401226,1.33946418694823e-06,330,3.61314929323436e-07,1.02813058766658
"SMP_210172",1060.05274009705,3.96565729972283e-07,331,-5.82227745107421e-07,-1.65674348096818
"SMP_210172",1063.20899009705,1.12614492721381e-06,332,1.46702576836139e-07,0.417445818851631
"SMP_210172",1066.36328005791,1.14135620819522e-06,333,1.61261144230056e-07,0.458872583248883
"SMP_210172",1069.51758003235,1.01006117565239e-06,334,2.93091717627818e-08,0.0833999747669297
"SMP_210172",1072.67383003235,1.3915729864268e-06,335,4.10159423990404e-07,1.16711880799908
"SMP_210172",1075.82813000679,1.3004113990052e-06,336,3.18332492546569e-07,0.905822998369092
"SMP_210172",1078.98242020607,9.05290458896447e-07,337,-7.74579667323856e-08,-0.220408564365571
"SMP_210172",1082.13672018051,1.41364943413881e-06,338,4.30227325719622e-07,1.22422251981284
"SMP_210172",1085.29297018051,9.64323054609626e-07,339,-1.97773027949199e-08,-0.0562768053428509
"SMP_210172",1088.44727015495,1.05049121459452e-06,340,6.5708895780204e-08,0.186976291735093
"SMP_210172",1091.60156011581,1.10813345504699e-06,341,1.2266506249795e-07,0.349046475960259
"SMP_210172",1094.75781011581,9.71990613990997e-07,342,-1.41683812349235e-08,-0.0403164800098981
"SMP_210172",1097.91211009026,9.43599340981355e-07,343,-4.32539146565831e-08,-0.123080086333616
"SMP_210172",1101.0664100647,1.256184948437e-06,344,2.68633364919845e-07,0.764402898764961
"SMP_210172",1104.2226600647,1.77293431431636e-06,345,7.84679915660925e-07,2.23282615066385
"SMP_210172",1107.37695002556,1.78485813357135e-06,346,7.95897318893547e-07,2.26474554961934
"SMP_210172",1110.53320002556,8.47937694477958e-07,347,-1.41733999325208e-07,-0.403307608383146
"SMP_210172",1113.6875,1.33711968712304e-06,348,3.4673354741804e-07,0.986638904011389
"SMP_210172",1116.84179997444,1.11219573826691e-06,349,1.21091163599905e-07,0.344567907632054
"SMP_210172",1119.99609017372,9.84419636445115e-07,350,-7.40734432165408e-09,-0.0210777818805644
"SMP_210172",1123.15039014816,1.20200188774356e-06,351,2.09448540939287e-07,0.595991015054494
"SMP_210172",1126.30664014816,2.04397492689232e-06,352,1.05069081932184e-06,2.98976677091094
"SMP_210172",1129.4609401226,1.3153686592037e-06,353,3.21350314795571e-07,0.914410286384423
"SMP_210172",1132.6171901226,1.42592138222256e-06,354,4.31164432776121e-07,1.22688908117113
"SMP_210172",1135.77149009705,1.35287496834434e-06,355,3.57375974009041e-07,1.01692219268062
"SMP_210172",1138.92578005791,1.16354607004345e-06,356,1.67301153895378e-07,0.476059580471355
"SMP_210172",1142.08203005791,9.19445543725494e-07,357,-7.75496249372392e-08,-0.220669380059506
"SMP_210172",1145.23633003235,7.76978648450897e-07,358,-2.20770158324071e-07,-0.628206957963219
"SMP_210172",1148.39063000679,8.79893346828869e-07,359,-1.18612930314141e-07,-0.337516033386951
"SMP_210172",1151.54688000679,9.52351525821542e-07,360,-4.69165100815941e-08,-0.133502092403924
"SMP_210172",1154.70117020607,9.79264720010298e-07,361,-2.0768403707903e-08,-0.05909700755816
"SMP_210172",1157.85547018051,1.67004140540183e-06,362,6.69239406289891e-07,1.9043373197085
"SMP_210172",1161.00977015495,1.48560654879702e-06,363,4.84031904755337e-07,1.37732478316722
"SMP_210172",1164.16602015495,1.1701936888847e-06,364,1.6784216491806e-07,0.477599040746981
"SMP_210172",1167.32031011581,1.52952001386893e-06,365,5.26388353109545e-07,1.49785110689102
"SMP_210172",1170.47461009026,1.40634379213235e-06,366,4.0242826961577e-07,1.14511961658616
"SMP_210172",1173.63086009026,1.6663961313879e-06,367,6.61692552270449e-07,1.88286255952472
"SMP_210172",1176.7851600647,1.09950248936384e-06,368,9.40076482572757e-08,0.267501093378255
"SMP_210172",1179.93945002556,1.54374584191085e-06,369,5.37456065893132e-07,1.52934455796325
"SMP_210172",1183.09570002556,4.98527408006472e-07,370,-5.08561460045064e-07,-1.4471242407829
"SMP_210172",1186.25,8.81597347098458e-07,371,-1.26293764500322e-07,-0.359372037456295
"SMP_210172",1189.40625,1.41927471884239e-06,372,4.10577235968588e-07,1.16830770233973
"SMP_210172",1192.56054997444,7.96327844762395e-07,373,-2.13179125028049e-07,-0.606606484552808
"SMP_210172",1195.71484017372,1.41635180570294e-06,374,4.06031754476746e-07,1.15537342208127
"SMP_210172",1198.86914014816,6.81578354580302e-07,375,-3.29558361962741e-07,-0.937766488059731
"SMP_210172",1202.0234401226,1.03496882557091e-06,376,2.3011878021645e-08,0.0654808693291682
"SMP_210172",1205.1796901226,1.10026253073763e-06,377,8.74812918043533e-08,0.2489301843161
"SMP_210172",1208.33399009705,5.30279598386399e-07,378,-4.83328958079359e-07,-1.37532453097607
"SMP_210172",1211.49024009705,1.12635821052461e-06,379,1.11918303161473e-07,0.318466305877576
"SMP_210172",1214.64453005791,8.57614296427843e-07,380,-1.57659949590874e-07,-0.448625294636654
"SMP_210172",1217.79883003235,8.99219572587483e-07,381,-1.16892502012294e-07,-0.332620512008058
"SMP_210172",1220.95508003235,1.08212474173e-06,382,6.51708457721047e-08,0.185445257099859
"SMP_210172",1224.10938000679,7.47438971373616e-07,383,-2.70359682829066e-07,-0.769315179167628
"SMP_210172",1227.26367020607,7.78331356349271e-07,384,-2.40315493704357e-07,-0.683823694277721
"SMP_210172",1230.41992020607,9.94332910775765e-07,385,-2.51660898540082e-08,-0.071610732496774
"SMP_210172",1233.57422018051,9.61343868710311e-07,386,-5.90101659437706e-08,-0.167914889937364
"SMP_210172",1236.72852015495,5.8748750460012e-07,387,-4.33724957276048e-07,-1.23417511710597
"SMP_210172",1239.88281011581,8.6976632378756e-07,388,-1.52307940089719e-07,-0.433396018935475
"SMP_210172",1243.03906011581,6.11836868490273e-07,389,-4.11103097854169e-07,-1.16980405537022
"SMP_210172",1246.19336009026,5.54374454564058e-07,390,-4.69434026583766e-07,-1.33578615897771
"SMP_210172",1249.3476600647,1.19034123526134e-06,391,1.65660908832161e-07,0.471392222485567
"SMP_210172",1252.5039100647,8.10431999903608e-07,392,-2.15124028663709e-07,-0.612140756058362
"SMP_210172",1255.65820002556,7.47375385208056e-07,393,-2.79059101804702e-07,-0.794069591504052
"SMP_210172",1258.8125,6.31666565516416e-07,394,-3.95649666161019e-07,-1.1258309324276
"SMP_210172",1261.96875,1.94025748075265e-06,395,9.12055688519735e-07,2.59527706972506
"SMP_210172",1265.12304997444,7.53495008556367e-07,396,-2.75595050185676e-07,-0.78421254675518
"SMP_210172",1268.27929997444,1.35080676530809e-06,397,3.20824651528098e-07,0.912914498526686
"SMP_210172",1271.43164014816,6.58843887561871e-07,398,-3.72032394923396e-07,-1.05862740169587
"SMP_210172",1274.58789014816,7.8601018804221e-07,399,-2.45764579188075e-07,-0.699329202093604
"SMP_210172",1277.7421901226,7.62855577257623e-07,400,-2.69820309947187e-07,-0.767780380262263
"SMP_210172",1280.89649009705,1.12036095516962e-06,401,8.6780774316668e-08,0.246936844440459
"SMP_210172",1284.05274009705,6.32035844416906e-07,402,-4.02452350051114e-07,-1.14518813806183
"SMP_210172",1287.20703005791,6.27916768547457e-07,403,-4.0748201892534e-07,-1.15950018551891
"SMP_210172",1290.36328005791,4.12928408132903e-07,404,-6.23384667699699e-07,-1.77385652440256
"SMP_210172",1293.51758003235,1.13519452790357e-06,405,9.79646166768735e-08,0.278760745101579
"SMP_210172",1296.67188000679,9.04878810377229e-07,406,-1.33271031510153e-07,-0.379226023685308
"SMP_210172",1299.82813000679,7.70713310672537e-07,407,-2.68360113029696e-07,-0.763625353738172
"SMP_210172",1302.98242020607,1.06424236107772e-06,408,2.4242864199601e-08,0.068983671012235
"SMP_210172",1306.13672018051,1.29484521898062e-06,409,2.5391659783713e-07,0.72252597323178
"SMP_210172",1309.29297018051,7.25561212623953e-07,410,-3.1630014253678e-07,-0.900039896038333
"SMP_210172",1312.44727015495,7.52593318233315e-07,411,-2.90203212469026e-07,-0.825780434639671
"SMP_210172",1315.60156011581,1.16195431551739e-06,412,1.18219611074499e-07,0.336396833740949
"SMP_210172",1318.75586009026,9.01151968717888e-07,413,-1.43523897943648e-07,-0.408400809269935
"SMP_210172",1321.91211009026,1.1068032950475e-06,414,6.1182711751425e-08,0.174096922886124
"SMP_210172",1325.0664100647,8.92202082975066e-07,415,-1.54365588337518e-07,-0.439251108029583
"SMP_210172",1328.22070002556,5.96085086748313e-07,416,-4.51432608022402e-07,-1.28456267624208
"SMP_210172",1331.37695002556,9.93406862551788e-07,417,-5.50643714983399e-08,-0.156687034034514
"SMP_210172",1334.53125,1.05464239308256e-06,418,5.21530087875093e-09,0.0148402679273968
"SMP_210172",1337.68554997444,8.19243961916384e-07,419,-2.31141879861049e-07,-0.65771994869099
"SMP_210172",1340.84179997444,1.32514381519935e-06,420,2.73795752731505e-07,0.779092601248342
"SMP_210172",1343.99609017372,1.29368570301284e-06,421,2.41373156394156e-07,0.686833299678892
"SMP_210172",1347.15039014816,1.52669082719754e-06,422,4.73410949065806e-07,1.34710259048034
"SMP_210172",1350.3046901226,8.65799424294753e-07,423,-1.88450614050176e-07,-0.536240893594783
"SMP_210172",1353.4609401226,1.28591469868855e-06,424,2.30691084737424e-07,0.656437199992401
"SMP_210172",1356.61524009705,1.09825928716121e-06,425,4.20599009046907e-08,0.119682490605386
"SMP_210172",1359.76953005791,1.20406046040622e-06,426,1.46882523297359e-07,0.417957860967548
"SMP_210172",1362.92578005791,5.93158415524696e-07,427,-4.65001449034809e-07,-1.3231731496874
"SMP_210172",1366.08008003235,1.99393026856783e-06,428,9.3478633207531e-07,2.65995767940978
"SMP_210172",1369.23633003235,1.01569142093862e-06,429,-4.44399330005551e-08,-0.126454930930419
"SMP_210172",1372.39063000679,1.38838816205999e-06,430,3.27267280958144e-07,0.93124716026982
"SMP_210172",1375.54492020607,1.02707264038627e-06,431,-3.50404680499749e-08,-0.0997085204195462
"SMP_210172",1378.70117020607,1.65479444301308e-06,432,5.91671452410508e-07,1.68361578418979
"SMP_210172",1381.85547018051,1.28899935209589e-06,433,2.24836214186242e-07,0.639777020708444
"SMP_210172",1385.00977015495,1.05456807911776e-06,434,-1.06653897849754e-08,-0.0303486310068966
"SMP_210172",1388.16406011581,1.09702894367759e-06,435,3.06956593349717e-08,0.0873452595218588
"SMP_210172",1391.32031011581,1.15433586182985e-06,436,8.68732598348273e-08,0.247200014274913
"SMP_210172",1394.47461009026,1.27619078557792e-06,437,2.07571458675529e-07,0.590649730943844
"SMP_210172",1397.6289100647,1.19869219654039e-06,438,1.28888744279267e-07,0.366756116741659
"SMP_210172",1400.7851600647,9.3412041396672e-07,439,-1.36894625068517e-07,-0.389537048977292
"SMP_210172",1403.93945002556,1.17040159773691e-06,440,9.8149707648402e-08,0.279287426049099
"SMP_210172",1407.09375,1.24943461395704e-06,441,1.75920556011258e-07,0.500586302849886
"SMP_210172",1410.25,1.12231694057412e-06,442,4.75152945780565e-08,0.135205948531281
"SMP_210172",1413.40429997444,1.43583255833275e-06,443,3.5972019117429e-07,1.02359272073281
"SMP_210172",1416.55859017372,1.34115938949701e-06,444,2.63713079962069e-07,0.750402105953554
"SMP_210172",1419.71484017372,1.85674157558693e-06,445,7.77937944479049e-07,2.2136417045458
"SMP_210172",1422.86914014816,1.06211035935807e-06,446,-1.80715951731349e-08,-0.0514231720239703
"SMP_210172",1426.0234401226,1.3754273834677e-06,447,2.93845967662938e-07,0.836145984840588
"SMP_210172",1429.17774009705,7.30350205067488e-07,448,-3.52651114159381e-07,-1.00347748685856
"SMP_210172",1432.33399009705,1.04147094494978e-06,449,-4.29709201186408e-08,-0.122274818361031
"SMP_210172",1435.48828005791,9.97042766207289e-07,450,-8.88578063771678e-08,-0.252847090654095
"SMP_210172",1438.64258003235,6.31544055672571e-07,451,-4.55833583644433e-07,-1.29708576146598
"SMP_210172",1441.79883003235,4.16270053186269e-07,452,-6.72603241152605e-07,-1.91390919519312
"SMP_210172",1444.95313000679,8.24396554407387e-07,453,-2.65988439061812e-07,-0.756876696673488
"SMP_210172",1448.10742020607,1.19441495643129e-06,454,1.02502001510997e-07,0.291671986119801
"SMP_210172",1451.26367020607,1.21174755192103e-06,455,1.18290100552584e-07,0.336597413298137
"SMP_210172",1454.41797018051,1.2633623158382e-06,456,1.68346442267126e-07,0.479033974443779
"SMP_210172",1457.57422018051,1.41068870454232e-06,457,3.14099252778e-07,0.893777209674055
"SMP_210172",1460.72852015495,1.12382918441076e-06,458,2.56536389299835e-08,0.0729980654778314
"SMP_210172",1463.88281011581,1.40306214158258e-06,459,3.0328771976676e-07,0.863012724494223
"SMP_210172",1467.03711009026,1.68789861373425e-06,460,5.86513218513067e-07,1.66893790177229
"SMP_210172",1470.1914100647,1.35056352827506e-06,461,2.47555763335766e-07,0.704426060985744
"SMP_210172",1473.3476600647,1.29150944207849e-06,462,1.86867594060445e-07,0.531736370974094
"SMP_210172",1476.50195002556,1.19099528736893e-06,463,8.47103633735896e-08,0.24104543878057
"SMP_210172",1479.65820002556,7.79162843720022e-07,464,-3.28775494495701e-07,-0.935538819276544
"SMP_210172",1482.8125,1.24577087619348e-06,465,1.36171529832429e-07,0.387479463558917
"SMP_210172",1485.96679997444,9.0601243708551e-07,466,-2.05255834367188e-07,-0.584060564574749
"SMP_210172",1489.12304997444,9.07992089939879e-07,467,-2.04953366152617e-07,-0.583199883772602
"SMP_210172",1492.27734017372,1.11114578276491e-06,468,-3.48234380181606e-09,-0.00990909560842768
"SMP_210172",1495.43164014816,7.00447836465866e-07,469,-4.15868795193262e-07,-1.18336496528074
"SMP_210172",1498.58789014816,1.1695427209345e-06,470,5.1531401999449e-08,0.14663388175015
"SMP_210172",1501.7421901226,6.3485448120753e-07,471,-4.84854917069934e-07,-1.37966668510923
"SMP_210172",1504.89649009705,9.74720114819677e-07,472,-1.46691104678364e-07,-0.417413174542311
"SMP_210172",1508.05078005791,1.16566961970672e-06,473,4.25535382279804e-08,0.121087147845092
"SMP_210172",1511.20703005791,8.8788953380013e-07,474,-2.36934821549829e-07,-0.674203907861888
"SMP_210172",1514.36133003235,5.88077387105187e-07,475,-5.38455841693328e-07,-1.53218944478516
"SMP_210172",1517.51563000679,8.31193033436615e-07,476,-2.97050027453959e-07,-0.845263216398192
"SMP_210172",1520.67188000679,1.00719278134145e-06,477,-1.22761431721813e-07,-0.34932069697556
"SMP_210172",1523.82617020607,8.05965087797138e-07,478,-3.25698781760554e-07,-0.92678395692311
"SMP_210172",1526.98047018051,1.07329154899038e-06,479,-6.00808534715087e-08,-0.170961557837752
"SMP_210172",1530.13672018051,1.00961725030476e-06,480,-1.25462914869551e-07,-0.357007834236832
"SMP_210172",1533.29102015495,5.31888779571379e-07,481,-6.04895571849786e-07,-1.72124534385381
"SMP_210172",1536.44727015495,1.38329534896821e-06,482,2.44808977303525e-07,0.696610013243651
"SMP_210172",1539.60156011581,8.9962717919822e-07,483,-2.4055624214809e-07,-0.684508749942035
"SMP_210172",1542.75586009026,5.30956155517875e-07,484,-6.10919712648144e-07,-1.73838718582198
"SMP_210172",1545.9101600647,9.23765851424762e-07,485,-2.19797159603331e-07,-0.625438265984654
"SMP_210172",1549.06445002556,1.23423926887699e-06,486,8.89951199728066e-08,0.253237819894216
"SMP_210172",1552.22070002556,1.19946968682123e-06,487,5.25500571038169e-08,0.149532490100058
"SMP_210172",1555.375,1.01047121542567e-06,488,-1.38115466310921e-07,-0.393010982994776
"SMP_210172",1558.53125,8.64041668988606e-07,489,-2.86205000521738e-07,-0.81440342343596
"SMP_210172",1561.68554997444,1.11884667358721e-06,490,-3.30501722112043e-08,-0.0940450842748588
"SMP_210172",1564.83984017372,1.11133564885211e-06,491,-4.22018891395141e-08,-0.120086521647181
"SMP_210172",1567.99609017372,7.25684550462414e-07,492,-4.29484514814526e-07,-1.22210883296959
"SMP_210172",1571.15039014816,8.67170706891994e-07,493,-2.89618003590044e-07,-0.824115208268366
"SMP_210172",1574.3046901226,1.29978639750727e-06,494,1.41389608378897e-07,0.402327635408655
"SMP_210172",1577.4609401226,1.13323649435805e-06,495,-2.67570937725923e-08,-0.0761379735849203
"SMP_210172",1580.61524009705,6.07725199954868e-07,496,-5.53851238373574e-07,-1.57599742765999
"SMP_210172",1583.76953005791,1.04331474225977e-06,497,-1.19830887213407e-07,-0.340981759934538
"SMP_210172",1586.92383003235,9.83985417806198e-07,498,-1.80715058021878e-07,-0.514229177167251
"SMP_210172",1590.08008003235,1.08921596691825e-06,499,-7.70252568957051e-08,-0.219177277799282
"SMP_210172",1593.23438000679,1.03955294638159e-06,500,-1.28212327148801e-07,-0.364831355029886
"SMP_210172",1596.38867020607,9.43153075617789e-07,501,-2.26119805654559e-07,-0.643429512049215
"SMP_210172",1599.54492020607,7.05789306791986e-07,502,-4.64974969881432e-07,-1.3230978026001
"SMP_210172",1602.69922018051,1.08116337559839e-06,503,-9.10735405198741e-08,-0.259152017080798
"SMP_210172",1605.85352015495,1.06059665084825e-06,504,-1.13094379853261e-07,-0.321812861256655
"SMP_210172",1609.00977015495,1.08726394248925e-06,505,-8.78628632123403e-08,-0.250015955215921
"SMP_210172",1612.16406011581,1.09197723328806e-06,506,-8.45645331813154e-08,-0.240630475353614
"SMP_210172",1615.32031011581,1.52648711647367e-06,507,3.48550141620545e-07,0.991808067844367
"SMP_210172",1618.4726600647,1.34850631379647e-06,508,1.69197149629045e-07,0.481454683329459
"SMP_210172",1621.6289100647,8.59351976215816e-07,509,-3.21309057234909e-07,-0.914292886972868
"SMP_210172",1624.78320002556,6.3211243895076e-07,510,-5.49876917574929e-07,-1.56468839931196
"SMP_210172",1627.9375,8.17060424197336e-07,511,-3.66233864027405e-07,-1.04212753829731
"SMP_210172",1631.09375,5.85926023830664e-07,512,-5.98649888998036e-07,-1.70347309848113
"SMP_210172",1634.24804997444,9.20085185295864e-07,513,-2.6574676532961e-07,-0.756189008077898
"SMP_210172",1637.40429997444,9.96444259347215e-07,514,-1.9061899862874e-07,-0.542411085663019
"SMP_210172",1640.55859017372,1.0115796029758e-06,515,-1.76688010676238e-07,-0.502770114122756
"SMP_210172",1643.71289014816,1.17646520614178e-06,516,-1.29798919638821e-08,-0.0369346043288703
"SMP_210172",1646.86914014816,1.88137815743029e-06,517,6.90782443349114e-07,1.96563856566946
"SMP_210172",1650.0234401226,1.22667494509032e-06,518,3.49576013417527e-08,0.0994727211471996
"SMP_210172",1653.17774009705,1.25030888549316e-06,519,5.7498874608043e-08,0.163614472979652
"SMP_210172",1656.33399009705,8.84098652495299e-07,520,-3.09775015141816e-07,-0.881472484291065
"SMP_210172",1659.48828005791,1.55074991136675e-06,521,3.55843610969458e-07,1.01256181566726
"SMP_210172",1662.64258003235,1.2111783622837e-06,522,1.5270475863295e-08,0.0434525175936577
"SMP_210172",1665.79688000679,8.03561006377798e-07,523,-3.93316720300224e-07,-1.11919247715163
"SMP_210172",1668.95313000679,1.24241929273163e-06,524,4.46035979296987e-08,0.126920643543224
"SMP_210172",1672.10742020607,1.94631315208138e-06,525,7.4759321910904e-07,2.1272950363202
"SMP_210172",1675.26172018051,1.03543233922579e-06,526,-1.64158001472407e-07,-0.467115662339307
"SMP_210172",1678.41797018051,1.37927259674548e-06,527,1.78845871394717e-07,0.508910360286255
"SMP_210172",1681.57227015495,1.51683859165408e-06,528,3.15611234271048e-07,0.898079590491531
"SMP_210172",1684.72656011581,1.26341093835198e-06,529,6.14188721402363e-08,0.174768923126432
"SMP_210172",1687.88281011581,1.48234097114954e-06,530,2.79620371509294e-07,0.795666698361225
"SMP_210172",1691.03711009026,7.55123190108593e-07,531,-4.48288168795354e-07,-1.27561509647713
"SMP_210172",1694.1914100647,1.77082706091736e-06,532,5.66762951116346e-07,1.61273802632516
"SMP_210172",1697.34570002556,1.16357378144468e-06,533,-4.11043732979161e-08,-0.116963513114684
"SMP_210172",1700.50195002556,1.56802098258761e-06,534,3.62767837736136e-07,1.03226487456962
"SMP_210172",1703.65625,1.23487400564714e-06,535,2.90863340829106e-08,0.0827658846251545
"SMP_210172",1706.81054997444,1.19847471358611e-06,536,-7.8066930896023e-09,-0.0222141386988208
"SMP_210172",1709.96679997444,1.10697017501947e-06,537,-9.9763746074298e-08,-0.283880212398781
"SMP_210172",1713.12109017372,1.63273833675878e-06,538,4.25594378358988e-07,1.21103935325663
"SMP_210172",1716.27539014816,1.63728738672411e-06,539,4.29776268816162e-07,1.22293902621325
"SMP_210172",1719.43164014816,1.41707518043594e-06,540,2.09241649916535e-07,0.595402301520836
"SMP_210172",1722.5859401226,1.25273214861496e-06,541,4.46223143439072e-08,0.126973901563797
"SMP_210172",1725.7421901226,1.23834893740073e-06,542,3.0007628122588e-08,0.0853874496520989
"SMP_210172",1728.89649009705,8.7022064275013e-07,543,-3.38307964479874e-07,-0.962663698907435
"SMP_210172",1732.05078005791,1.16405090227849e-06,544,-4.4621919500833e-08,-0.126972778028042
"SMP_210172",1735.20508003235,1.05170347949896e-06,545,-1.57071411571125e-07,-0.446950595112776
"SMP_210172",1738.36133003235,1.30942126621093e-06,546,1.005854893311e-07,0.286218503205389
"SMP_210172",1741.51563000679,1.11685948039176e-06,547,-9.19968612963701e-08,-0.261779349237598
"SMP_210172",1744.66992020607,1.28111538272258e-06,548,7.22778096204347e-08,0.205668298897747
"SMP_210172",1747.82617020607,1.32406306145652e-06,549,1.15282700245142e-07,0.328039781175852
"SMP_210172",1750.98047018051,1.21992840309803e-06,550,1.12426886763459e-08,0.03199134931238
"SMP_210172",1754.13477015495,2.04172564193885e-06,551,8.33171095550357e-07,2.37080900503891
"SMP_210172",1757.29102015495,1.27036698081323e-06,552,6.19793003714206e-08,0.176363635550165
"SMP_210172",1760.44531011581,9.36572600022e-07,553,-2.716136611563e-07,-0.772883405581394
"SMP_210172",1763.59961009026,7.92996184324077e-07,554,-4.14954948031153e-07,-1.18076459052851
"SMP_210172",1766.75586009026,1.18374587094431e-06,555,-2.39371852818375e-08,-0.0681138540745681
"SMP_210172",1769.9101600647,8.62372745915697e-07,556,-3.4501055583995e-07,-0.981736088766408
"SMP_210172",1773.06445002556,1.66294277802104e-06,557,4.55890126340955e-07,1.29724665511051
"SMP_210172",1776.21875,1.2571630128786e-06,558,5.04709717501807e-08,0.143616401189905
"SMP_210172",1779.375,1.07732666306152e-06,559,-1.28975495612315e-07,-0.36700296981024
"SMP_210172",1782.52929997444,9.74713959345407e-07,560,-2.31170464446672e-07,-0.657801286837933
"SMP_210172",1785.68359017372,1.00461083208338e-06,561,-2.00828711043608e-07,-0.57146307541794
"SMP_210172",1788.83984017372,9.36136806414587e-07,562,-2.68831345587012e-07,-0.764966257660931
"SMP_210172",1791.99414014816,9.22078398207435e-07,563,-2.8239337373833e-07,-0.803557344941144
"SMP_210172",1795.1484401226,5.87639972916816e-07,564,-6.1631108403893e-07,-1.75372846675581
"SMP_210172",1798.3046901226,9.0245059295516e-07,565,-3.00956007886766e-07,-0.856377780541213
"SMP_210172",1801.45899009705,1.57627849134561e-06,566,3.73438477265079e-07,1.06262844385311
"SMP_210172",1804.61524009705,1.46021609426441e-06,567,2.57964559647409e-07,0.734044548903831
"SMP_210172",1807.76953005791,1.13417621747278e-06,568,-6.74666118167457e-08,-0.191977916287348
"SMP_210172",1810.92383003235,1.01040880936669e-06,569,-1.90605665070868e-07,-0.542373144693581
"SMP_210172",1814.07813000679,9.71125795265635e-07,570,-2.29241613926467e-07,-0.65231269487033
"SMP_210172",1817.23242020607,1.14837212060932e-06,571,-5.13304522615682e-08,-0.146062074289866
"SMP_210172",1820.38867020607,1.26297424166986e-06,572,6.39537695213215e-08,0.181982036459362
"SMP_210172",1823.54297018051,1.14209593047904e-06,573,-5.62269591374159e-08,-0.159995205979734
"SMP_210172",1826.69922018051,1.31073548352932e-06,574,1.13125582275493e-07,0.321901648522562
"SMP_210172",1829.85352015495,1.25189861783879e-06,575,5.50152920534089e-08,0.156547377257381
"SMP_210172",1833.00781011581,1.04871587345743e-06,576,-1.47427793374705e-07,-0.419509440488793
"SMP_210172",1836.16406011581,1.02947174617004e-06,577,-1.65919642414142e-07,-0.472128455306582
"SMP_210172",1839.31836009026,9.15617294502628e-07,578,-2.79011066140415e-07,-0.793932904830616
"SMP_210172",1842.4726600647,1.01602058475235e-06,579,-1.7783447436572e-07,-0.506032404969727
"SMP_210172",1845.6289100647,1.228273640829e-06,580,3.52017061193164e-08,0.100167327342628
"SMP_210172",1848.78320002556,9.4536928199003e-07,581,-2.46911613340459e-07,-0.702593116206902
"SMP_210172",1851.9375,8.71164358707886e-07,582,-3.20318033430044e-07,-0.911472904170621
"SMP_210172",1855.09179997444,8.40415097146341e-07,583,-3.50262267714873e-07,-0.99667996508597
"SMP_210172",1858.24804997444,9.55512817388197e-07,584,-2.34353430677026e-07,-0.666858496145793
"SMP_210172",1861.40234017372,1.24209303119077e-06,585,5.3042046929974e-08,0.150932459345834
"SMP_210172",1864.55664014816,1.06549135527793e-06,586,-1.22740650843436e-07,-0.349261564471024
"SMP_210172",1867.71289014816,7.94308673038812e-07,587,-3.93101071676594e-07,-1.11857884364759
"SMP_210172",1870.8671901226,7.51923992337882e-07,588,-4.34662161454088e-07,-1.236841954826
"SMP_210172",1874.02149009705,1.25593246852483e-06,589,7.01708051996781e-08,0.199672765590045
"SMP_210172",1877.17774009705,1.52177185931868e-06,590,3.36835158254409e-07,0.958472792284946
"SMP_210172",1880.33203005791,1.03277812876079e-06,591,-1.51335097946575e-07,-0.43062777250234
"SMP_210172",1883.48828005791,7.01227307996487e-07,592,-4.82063847347404e-07,-1.37172462702872
"SMP_210172",1886.64258003235,1.26460183619038e-06,593,8.21293930860954e-08,0.233701223850398
"SMP_210172",1889.79688000679,1.01330579250199e-06,594,-1.68351726129214e-07,-0.479049009804327
"SMP_210172",1892.95117020607,1.4646798633311e-06,595,2.83832541673151e-07,0.80765253297378
"SMP_210172",1896.10547018051,1.67095323659791e-06,596,4.90910452206584e-07,1.39689786044522
"SMP_210172",1899.26172018051,1.61559929751436e-06,597,4.36354941993712e-07,1.24165880381216
"SMP_210172",1902.41602015495,1.49123691187309e-06,598,3.12782952527016e-07,0.890031644681422
"SMP_210172",1905.57227015495,1.25610578108427e-06,599,7.84342239944814e-08,0.223186528604335
"SMP_210172",1908.72656011581,1.18018314014653e-06,600,3.28408446159876e-09,0.00934494374138559
"SMP_210172",1911.88086009026,1.46369337529481e-06,601,2.87556473947412e-07,0.818249074569049
"SMP_210172",1915.03711009026,9.40608866585755e-07,602,-2.34776706679101e-07,-0.668062938501864
"SMP_210172",1918.1914100647,1.48610811202376e-06,603,3.11461174486852e-07,0.886270492503891
"SMP_210172",1921.34570002556,1.5880246625611e-06,604,4.14103196663986e-07,1.17834091090002
"SMP_210172",1924.50195002556,1.51944203811123e-06,605,3.46232382369858e-07,0.985212826443906
"SMP_210172",1927.65625,1.10554051843926e-06,606,-6.69728082237594e-08,-0.190572785923099
"SMP_210172",1930.81054997444,1.32330840127483e-06,607,1.51475429614337e-07,0.431027089741499
"SMP_210172",1933.96484017372,1.34286321308715e-06,608,1.71693683093703e-07,0.488558631187231
"SMP_210172",1937.12109017372,1.21931991833802e-06,609,4.87963769605483e-08,0.13885130020614
"SMP_210172",1940.27539014816,1.02773737673914e-06,610,-1.42159367091972e-07,-0.404518002907494
"SMP_210172",1943.4296901226,1.55137999391916e-06,611,3.82090324058825e-07,1.08724748836674
"SMP_210172",1946.5859401226,1.68924213942971e-06,612,5.20539238677683e-07,1.48120730678727
"SMP_210172",1949.74024009705,1.7217371053418e-06,613,5.53599006074911e-07,1.57527969440181
"SMP_210172",1952.89453005791,2.18227412045943e-06,614,1.01467828514557e-06,2.88729221223344
"SMP_210172",1956.05078005791,1.73725407642706e-06,615,5.70177347018967e-07,1.62245377450214
"SMP_210172",1959.20508003235,1.58340625747734e-06,616,4.16823895018048e-07,1.18608272550719
"SMP_210172",1962.36133003235,1.56323586802411e-06,617,3.97122806316913e-07,1.1300227892574
"SMP_210172",1965.51367020607,1.60122886393086e-06,618,4.35558252459174e-07,1.23939180399329
"SMP_210172",1968.66992020607,1.88252618469948e-06,619,7.17271332481753e-07,2.04101335630313
"SMP_210172",1971.82422018051,9.42655935839963e-07,620,-2.22211582888861e-07,-0.632308567292371
"SMP_210172",1974.97852015495,1.61217119239496e-06,621,4.47661909539007e-07,1.27383306023948
"SMP_210172",1978.13477015495,1.39947534802298e-06,622,2.35294459607798e-07,0.669536217294535
"SMP_210172",1981.28906011581,1.50552019803633e-06,623,3.41636518238967e-07,0.972135181137145
"SMP_210172",1984.44531011581,1.42348261094847e-06,624,2.59864384825681e-07,0.739450548541482
"SMP_210172",1987.59961009026,1.38136387077054e-06,625,2.17978076661775e-07,0.620262020383018
"SMP_210172",1990.7539100647,1.57558174959829e-06,626,4.12394602577627e-07,1.17347906407464
"SMP_210172",1993.9101600647,1.60575431616996e-06,627,4.42731184488211e-07,1.25980255988459
"SMP_210172",1997.06445002556,1.69304497107021e-06,628,5.30150082247802e-07,1.5085552003997
"SMP_210172",2000.21875,2.24018604236787e-06,629,1.07738279967422e-06,3.06571946264463
"SMP_210172",2003.375,1.47620386207715e-06,630,3.13454752736563e-07,0.891943268830276
"SMP_210172",2006.52929997444,1.72624715892088e-06,631,5.63513665553515e-07,1.60349210371282
"SMP_210172",2009.68359017372,1.77274385697809e-06,632,6.09986570253096e-07,1.73573190600613
"SMP_210172",2012.83789014816,1.56494231813917e-06,633,4.02120891349808e-07,1.14424496411107
"SMP_210172",2015.99414014816,2.17260250935363e-06,634,1.00967558043787e-06,2.87305689198062
"SMP_210172",2019.1484401226,1.84748830093274e-06,635,6.84413700479603e-07,1.94751614996583
"SMP_210172",2022.30274009705,2.02711026771791e-06,636,8.63844836761003e-07,2.45809189599469
"SMP_210172",2025.45899009705,1.56780716612639e-06,637,4.04306649401923e-07,1.15046459282894
"SMP_210172",2028.61328005791,1.87641400445045e-06,638,7.12633500428255e-07,2.0278162902323
"SMP_210172",2031.76758003235,1.95132025402853e-06,639,7.87213790656492e-07,2.24003635477345
"SMP_210172",2034.92383003235,1.27508545504392e-06,640,1.10605878642729e-07,0.314731769377102
"SMP_210172",2038.07813000679,2.27470897857094e-06,641,1.10980865878832e-06,3.15798804852618
"SMP_210172",2041.23242020607,1.12408824822065e-06,642,-4.12815969188722e-08,-0.117467807321135
"SMP_210172",2044.38672018051,1.24731237662944e-06,643,8.14232840190383e-08,0.23169197299705
"SMP_210172",2047.54297018051,1.60479192059272e-06,644,4.38332554361673e-07,1.24728614882626
"SMP_210172",2050.69727015495,1.3645283993059e-06,645,1.97447500254904e-07,0.561841756305208
"SMP_210172",2053.85156011581,1.36929845511402e-06,646,2.01543492460489e-07,0.573497003657682
"SMP_210172",2057.00781011581,1.11573486456893e-06,647,-5.27224663445003e-08,-0.150023084868103
"SMP_210172",2060.16211009026,9.51359863439425e-07,648,-2.17802041479391e-07,-0.619761107907982
"SMP_210172",2063.3164100647,1.17264806342278e-06,649,2.77885416802609e-09,0.00790729841737284
"SMP_210172",2066.4726600647,1.0568724196317e-06,650,-1.13707355627361e-07,-0.323557099016304
"SMP_210172",2069.62695002556,9.06892809128287e-07,651,-2.64400005002267e-07,-0.752356768182939
"SMP_210172",2072.78320002556,1.32260694209738e-06,652,1.50597638519894e-07,0.42852931342357
"SMP_210172",2075.9375,9.73091842905903e-07,653,-1.99636604582806e-07,-0.568070906933786
"SMP_210172",2079.09179997444,1.32667194736182e-06,654,1.53221168329385e-07,0.43599463252855
"SMP_210172",2082.24609017372,1.16043417271588e-06,655,-1.37422146767698e-08,-0.0391038125048524
"SMP_210172",2085.40039014816,1.3439887516386e-06,656,1.690833831343e-07,0.481130957948617
"SMP_210172",2088.55664014816,1.70908103459422e-06,657,5.33442769137945e-07,1.51792462256474
"SMP_210172",2091.7109401226,1.0939292487106e-06,658,-8.24450154116465e-08,-0.234599335001402
"SMP_210172",2094.8671901226,9.86345031762591e-07,659,-1.90769334306156e-07,-0.542838869559628
"SMP_210172",2098.02149009705,1.24229903812047e-06,660,6.44412898539364e-08,0.183369287650475
"SMP_210172",2101.17578005791,1.45205776004016e-06,661,2.73452804143969e-07,0.778116732541495
"SMP_210172",2104.33203005791,1.29566531297701e-06,662,1.1630876224947e-07,0.330959466043199
"SMP_210172",2107.48633003235,1.67160188815995e-06,663,4.91490194995872e-07,1.3985475329228
"SMP_210172",2110.64063000679,1.53322223300487e-06,664,3.52351295224384e-07,1.00262434464711
"SMP_210172",2113.79688000679,1.27487400462236e-06,665,9.32391553252666e-08,0.265314327690816
"SMP_210172",2116.95117020607,1.34589337027735e-06,666,1.63490797399139e-07,0.465217116610167
"SMP_210172",2120.10547018051,1.07649752340033e-06,667,-1.06677151981122e-07,-0.303552480276199
"SMP_210172",2123.25977015495,1.33147985944927e-06,668,1.47528613577116e-07,0.419796326873887
"SMP_210172",2126.41602015495,1.06966494944384e-06,669,-1.15067910677141e-07,-0.327428592135898
"SMP_210172",2129.57031011581,9.51379725219007e-07,670,-2.34138916082608e-07,-0.666248089549987
"SMP_210172",2132.72461009026,9.68208206366987e-07,671,-2.18100960959575e-07,-0.620611690698464
"SMP_210172",2135.88086009026,1.44035979817739e-06,672,2.53254777816049e-07,0.720642747956596
"SMP_210172",2139.0351600647,1.27798010128995e-06,673,9.00747928026091e-08,0.256310055694355
"SMP_210172",2142.18945002556,1.35705757829296e-06,674,1.68346967516936e-07,0.479035469055133
"SMP_210172",2145.34570002556,1.78085685073184e-06,675,5.91335324348147e-07,1.6826593234564
"SMP_210172",2148.5,1.16601948097795e-06,676,-2.43176612530777e-08,-0.0691965078819729
"SMP_210172",2151.65625,9.25652092906599e-07,677,-2.65506465418529e-07,-0.75550522872436
"SMP_210172",2154.81054997444,2.21232365227148e-06,678,1.02033880111136e-06,2.90339935072699
"SMP_210172",2157.96484017372,9.74542106479988e-07,679,-2.18274508958099e-07,-0.621105525830174
"SMP_210172",2161.11914014816,1.248106883103e-06,680,5.44529353510877e-08,0.154947177321224
"SMP_210172",2164.2734401226,1.05895937022327e-06,681,-1.35537566747066e-07,-0.385675505884835
"SMP_210172",2167.4296901226,1.06660463511222e-06,682,-1.28741565915348e-07,-0.36633731705887
"SMP_210172",2170.58399009705,1.03558786441808e-06,683,-1.60612917589088e-07,-0.457028038273763
"SMP_210172",2173.74024009705,1.13671153288328e-06,684,-6.03502952103508e-08,-0.171728260984551
"SMP_210172",2176.89453005791,1.05902190877207e-06,685,-1.38906455279269e-07,-0.395261761711248
"SMP_210172",2180.04883003235,1.17763928090439e-06,686,-2.11617360524856e-08,-0.0602162444945942
"SMP_210172",2183.20508003235,1.37314553240946e-06,687,1.73465111643686e-07,0.49359927503639
"SMP_210172",2186.35938000679,1.1896946789931e-06,688,-1.08709013259942e-08,-0.0309334191910869
"SMP_210172",2189.51367020607,9.11695091075453e-07,689,-2.8976203460063e-07,-0.824525052079231
"SMP_210172",2192.66992020607,9.27048898123444e-07,690,-2.75306812871425e-07,-0.783392360332651
"SMP_210172",2195.82422018051,1.25123477883913e-06,691,4.79744641774099e-08,0.13651252700814
"SMP_210172",2198.97852015495,1.33441688951846e-06,692,1.3024530824356e-07,0.370616253128571
"SMP_210172",2202.13281011581,1.12917615611528e-06,693,-7.59134432318038e-08,-0.216013584459007
"SMP_210172",2205.28906011581,9.32763249333466e-07,694,-2.73251790710915e-07,-0.777544743835017
"SMP_210172",2208.44336009026,9.19419362761605e-07,695,-2.87527485656746e-07,-0.818166587669395
"SMP_210172",2211.5976600647,1.16479520231735e-06,696,-4.30904832288723e-08,-0.122615038154926
"SMP_210172",2214.7539100647,1.05244957161185e-06,697,-1.56382658277098e-07,-0.4449907305418
"SMP_210172",2217.90820002556,7.82774495073675e-07,698,-4.27010905213591e-07,-1.21507011553428
"SMP_210172",2221.0625,8.91420123637735e-07,699,-3.19325753185925e-07,-0.908649346139331
"SMP_210172",2224.21875,7.40842980912678e-07,700,-4.70871367664202e-07,-1.33987614865091
"SMP_210172",2227.37304997444,7.46414627675702e-07,701,-4.66275082654597e-07,-1.32679730572334
"SMP_210172",2230.52929997444,7.79993736849884e-07,702,-4.33679522754748e-07,-1.23404583204938
"SMP_210172",2233.68359017372,7.44333248704825e-07,703,-4.7033062076586e-07,-1.33833743994764
"SMP_210172",2236.83789014816,7.13419897920292e-07,704,-5.02242344900023e-07,-1.42914304199943
"SMP_210172",2239.9921901226,8.44748498802191e-07,705,-3.71919969231195e-07,-1.0583074916019
"SMP_210172",2243.14649009705,1.07867816758138e-06,706,-1.39004468966358e-07,-0.395540662087424
"SMP_210172",2246.30274009705,9.2463528859768e-07,707,-2.94070185645642e-07,-0.836784002668288
"SMP_210172",2249.45703005791,8.42006135990059e-07,708,-3.77729669451777e-07,-1.07483913759046
"SMP_210172",2252.61328005791,8.34579144223271e-07,709,-3.86195857951807e-07,-1.09892988682723
"SMP_210172",2255.76758003235,8.24708898699103e-07,710,-3.97112969877376e-07,-1.12999479942487
"SMP_210172",2258.92188000679,7.861681574856e-07,711,-4.36708978095501e-07,-1.24266622231565
"SMP_210172",2262.07813000679,7.52455468839439e-07,712,-4.71486086061194e-07,-1.3416253450872
"SMP_210172",2265.23242020607,7.48655470939446e-07,713,-4.7635842848386e-07,-1.35548971622655
"SMP_210172",2268.38672018051,1.00691777322541e-06,714,-2.191771490034e-07,-0.623674010453726
"SMP_210172",2271.54297018051,1.49096600932659e-06,715,2.63780621430595e-07,0.750594296876463
"SMP_210172",2274.69727015495,8.49692309059669e-07,716,-3.78591731405597e-07,-1.07729215624885
"SMP_210172",2277.85156011581,5.89404051890698e-07,717,-6.3998758695638e-07,-1.82110054270072
"SMP_210172",2281.00586009026,1.09500100644205e-06,718,-1.35507275069325e-07,-0.385589310164953
"SMP_210172",2284.16211009026,4.19113095095908e-07,719,-8.12521660108927e-07,-2.31205052463198
"SMP_210172",2287.3164100647,9.31104125782033e-07,720,-3.01665633692173e-07,-0.858397038360706
"SMP_210172",2290.47070002556,9.15816598409316e-07,721,-3.1809747683724e-07,-0.905154255342625
"SMP_210172",2293.62695002556,8.33419712072517e-07,722,-4.01648805327769e-07,-1.14290163163328
"SMP_210172",2296.78125,6.28993961580341e-07,723,-6.07237785724388e-07,-1.7279101714928
"SMP_210172",2299.93554997444,9.59591055571233e-07,724,-2.77813511158282e-07,-0.790525232443957
"SMP_210172",2303.09179997444,1.20762668603327e-06,725,-3.09611151280842e-08,-0.0881006205612803
"SMP_210172",2306.24609017372,4.21989856969653e-07,726,-8.17790219330272e-07,-2.3270423404934
"SMP_210172",2309.40039014816,8.14333426285358e-07,727,-4.26648792722906e-07,-1.21403971546599
"SMP_210172",2312.5546901226,8.13318611649669e-07,728,-4.28875705394867e-07,-1.22037645067478
"SMP_210172",2315.7109401226,7.96295565826188e-07,729,-4.47121654691057e-07,-1.2722957516778
"SMP_210172",2318.86524009705,1.46632116477504e-06,730,2.21671654956313e-07,0.630772188976568
"SMP_210172",2322.01953005791,3.61602937379714e-07,731,-8.84289087477657e-07,-2.51626651818114
"SMP_210172",2325.17578005791,9.45602693230177e-07,732,-3.01542949461269e-07,-0.85804793734057
"SMP_210172",2328.33008003235,6.37893533565001e-07,733,-6.10515368267598e-07,-1.73723661386424
"SMP_210172",2331.48633003235,1.00532452290775e-06,734,-2.44358932856933e-07,-0.69532940061517
"SMP_210172",2334.64063000679,7.18266095791711e-07,735,-5.32701725265944e-07,-1.51581596385797
"SMP_210172",2337.79492020607,6.28381118853574e-07,736,-6.23881750466949e-07,-1.77527098573846
"SMP_210172",2340.95117020607,4.8383443842314e-07,737,-7.69735072227056e-07,-2.19030022821991
"SMP_210172",2344.10547018051,8.58064560889985e-07,738,-3.96821657080772e-07,-1.12916586164107
"SMP_210172",2347.25977015495,6.64710441176902e-07,739,-5.91503445484084e-07,-1.68313771631609
"SMP_210172",2350.41406011581,9.147809998557e-07,740,-3.427716040355e-07,-0.975365095907693
"SMP_210172",2353.57031011581,7.41355797850882e-07,741,-5.1754750971656e-07,-1.4726942678694
"SMP_210172",2356.72461009026,7.02948957938558e-07,742,-5.5731545799364e-07,-1.58585495045999
"SMP_210172",2359.8789100647,1.212035078911e-06,743,-4.96017725631962e-08,-0.141143073357626
"SMP_210172",2363.0351600647,5.05123158679633e-07,744,-7.57898406017272e-07,-2.15661870111261
"SMP_210172",2366.18945002556,7.64646676044737e-07,745,-4.99770255558028e-07,-1.42210865049861
"SMP_210172",2369.34375,9.45130673990866e-07,746,-3.20693230476158e-07,-0.912540536665723
"SMP_210172",2372.5,8.43122479123099e-07,747,-4.24120971864493e-07,-1.20684673855374
"SMP_210172",2375.65429997444,5.24223269766486e-07,748,-7.44450638806418e-07,-2.11835274617079
"SMP_210172",2378.80859017372,1.14593948643291e-06,749,-1.24176751154056e-07,-0.353348023502957
"SMP_210172",2381.96484017372,8.63029280385916e-07,750,-4.08542160807342e-07,-1.16251684552295
"SMP_210172",2385.11914014816,1.2289371996876e-06,751,-4.4100608601242e-08,-0.125489374940998
"SMP_210172",2388.2734401226,9.6019768125354e-07,752,-3.14318644417667e-07,-0.89440149402301
"SMP_210172",2391.42774009705,7.03750835856875e-07,753,-5.72256248921329e-07,-1.62836934139714
"SMP_210172",2394.58399009705,8.25396657473294e-07,754,-4.52114452637255e-07,-1.28650288199521
"SMP_210172",2397.73828005791,1.18514539044588e-06,755,-9.38812027619066e-08,-0.267141289586851
"SMP_210172",2400.89258003235,6.96023120301261e-07,756,-5.84531310208902e-07,-1.66329833256523
"SMP_210172",2404.04883003235,6.69235805072558e-07,757,-6.12859719449565e-07,-1.74390752326432
"SMP_210172",2407.20313000679,7.7283025187415e-07,758,-5.10817670446304e-07,-1.45354434340659
"SMP_210172",2410.35742020607,1.12144332723178e-06,759,-1.63769191512215e-07,-0.466009293959758
"SMP_210172",2413.51367020607,7.86343310457441e-07,760,-5.00446942921237e-07,-1.42403418116435
"SMP_210172",2416.66797018051,7.91785798996825e-07,761,-4.965933241993e-07,-1.41306861356756
"SMP_210172",2419.82422018051,9.34357655895458e-07,762,-3.55623388121644e-07,-1.01193516609492
"SMP_210172",2422.97852015495,1.04254626490105e-06,763,-2.49047722856103e-07,-0.708671468783564
"SMP_210172",2426.13281011581,6.7674716117114e-07,764,-6.1647172543e-07,-1.75418557581608
"SMP_210172",2429.28711009026,1.02206759962576e-06,765,-2.72788102609917e-07,-0.776225307849724
"SMP_210172",2432.4414100647,1.03052852403327e-06,766,-2.65975856857763e-07,-0.756840893699979
"SMP_210172",2435.5976600647,7.46139735076505e-07,767,-5.52026169040947e-07,-1.57080414763417
"SMP_210172",2438.75195002556,6.6848615562224e-07,768,-6.31352009232589e-07,-1.79652779222891
"SMP_210172",2441.90820002556,5.27700011729963e-07,769,-7.73823180924649e-07,-2.20193304285497
"SMP_210172",2445.0625,7.56740207456504e-07,770,-5.46478643993793e-07,-1.55501852760041
"SMP_210172",2448.21679997444,7.48234195501543e-07,771,-5.56691934553753e-07,-1.58408069905588
"SMP_210172",2451.37304997444,8.14968946214367e-07,772,-4.91677099807108e-07,-1.39907937519617
"SMP_210172",2454.52734017372,1.00418354657532e-06,773,-3.04192873506966e-07,-0.865588361898935
"SMP_210172",2457.68164014816,6.86785228004292e-07,774,-6.23333045371891e-07,-1.77370963178917
"SMP_210172",2460.83789014816,1.07968630822705e-06,775,-2.32186331122523e-07,-0.660691960645377
"SMP_210172",2463.9921901226,7.26295390819687e-07,776,-5.87341910727974e-07,-1.67129596601143
"SMP_210172",2467.14649009705,6.97919824394407e-07,777,-6.17493467318855e-07,-1.75709296768776
"SMP_210172",2470.30078005791,6.62469201274136e-07,778,-6.5473135425024e-07,-1.86305429800399
"SMP_210172",2473.45703005791,7.02264027091488e-07,779,-6.16736143924687e-07,-1.75493798519712
"SMP_210172",2476.61133003235,8.92592845691173e-07,780,-4.28217014473725e-07,-1.21850212933104
"SMP_210172",2479.76563000679,1.31775963596821e-06,781,-4.87104676178919e-09,-0.013860684304209
"SMP_210172",2482.92188000679,2.60937505859424e-06,782,1.2849113325878e-06,3.6562470472688
"SMP_210172",2486.07617020607,1.58106553711487e-06,783,2.54758866522182e-07,0.724922669653258
"SMP_210172",2489.23047018051,1.50443683971759e-06,784,1.76276231348887e-07,0.501598385839591
"SMP_210172",2492.38672018051,5.37930365728351e-07,785,-7.92096275543748e-07,-2.2539295865472
"SMP_210172",2495.54102015495,7.13712928595608e-07,786,-6.18189486270134e-07,-1.75907350686654
"SMP_210172",2498.69727015495,7.17052484878584e-07,787,-6.16737714826428e-07,-1.75494245523696
"SMP_210172",2501.85156011581,4.89616270781176e-07,788,-8.46071337653032e-07,-2.40751696371335
"SMP_210172",2505.00586009026,7.02759436141994e-07,789,-6.34836331311865e-07,-1.80644251707489
"SMP_210172",2508.1601600647,8.4782705589388e-07,790,-4.91687566233376e-07,-1.39910915767156
"SMP_210172",2511.31445002556,1.46135755590802e-06,791,1.19913438226128e-07,0.34121666088751
"SMP_210172",2514.47070002556,1.04231224039298e-06,792,-3.01073180006164e-07,-0.85671119671142
"SMP_210172",2517.625,1.47597360195733e-06,793,1.3063752523183e-07,0.37173231629097
"SMP_210172",2520.78125,1.33097411405897e-06,794,-1.63243357441657e-08,-0.0464513020077607
"SMP_210172",2523.93554997444,1.60638590617356e-06,795,2.57115840022327e-07,0.731629496172593
"SMP_210172",2527.08984017372,1.48856716818444e-06,796,1.37315088031495e-07,0.390733486760885
"SMP_210172",2530.24609017372,7.70386303669239e-07,797,-5.82859386696173e-07,-1.65854083276611
"SMP_210172",2533.40039014816,9.19608246664983e-07,798,-4.35640131918196e-07,-1.23962479402356
"SMP_210172",2536.5546901226,6.93165570589203e-07,799,-6.64095754102865e-07,-1.88970092990944
"SMP_210172",2539.7109401226,1.79578024846801e-06,800,4.36494514519986e-07,1.24205596089539
"SMP_210172",2542.86524009705,1.23525855052593e-06,801,-1.26060505688705e-07,-0.358708293725819
"SMP_210172",2546.01953005791,1.48668786995342e-06,802,1.23325386005077e-07,0.350925442867892
"SMP_210172",2549.17383003235,1.28160200564502e-06,803,-8.38139758480385e-08,-0.238494745856955
"SMP_210172",2552.33008003235,1.6165047807189e-06,804,2.49024008196254e-07,0.708603988131125
"SMP_210172",2555.48438000679,1.60477727048864e-06,805,2.35223013486081e-07,0.669332915584184
"SMP_210172",2558.63867020607,9.90489724854638e-07,806,-3.81147927575069e-07,-1.08456587581209
"SMP_210172",2561.79492020607,1.3964478150331e-06,807,2.27155948192243e-08,0.0646377881324101
"SMP_210172",2564.94922018051,1.45551140851367e-06,808,7.96760914282169e-08,0.226720293170447
"SMP_210172",2568.10352015495,1.16704443095592e-06,809,-2.10903754499307e-07,-0.600131861311373
"SMP_210172",2571.25977015495,1.10227294790809e-06,810,-2.77799143993036e-07,-0.790484350319116
"SMP_210172",2574.41406011581,1.50494661852602e-06,811,1.22742261968339e-07,0.349266148966872
"SMP_210172",2577.57031011581,1.23299113746678e-06,812,-1.51356443191746e-07,-0.430688510926579
"SMP_210172",2580.72461009026,1.0626932111786e-06,813,-3.23805849320197e-07,-0.921397570742053
"SMP_210172",2583.8789100647,2.02505088701473e-06,814,6.3639081838897e-07,1.81086584858543
"SMP_210172",2587.03320002556,1.51219110327784e-06,815,1.21360553774122e-07,0.345334464050434
"SMP_210172",2590.1875,1.41414273362149e-06,816,2.11322653382075e-08,0.0601323848465957
"SMP_210172",2593.34375,1.9740313127734e-06,817,5.78830186970816e-07,1.64707564507178
"SMP_210172",2596.49804997444,2.13470654089372e-06,818,7.37306774394793e-07,2.09802470290535
"SMP_210172",2599.65429997444,2.19470799634527e-06,819,7.9509893621708e-07,2.26247373192314
"SMP_210172",2602.80859017372,2.38259292640309e-06,820,9.80766705188547e-07,2.79079597086527
"SMP_210172",2605.96289014816,1.99894860220154e-06,821,5.94896025229202e-07,1.69279138607611
"SMP_210172",2609.11914014816,8.35203568847082e-07,822,-5.71085887893603e-07,-1.62503905008183
"SMP_210172",2612.2734401226,1.32547698001841e-06,823,-8.30570678234809e-08,-0.236340945310835
"SMP_210172",2615.42774009705,1.47492498792698e-06,824,6.41373070901151e-08,0.182504297160894
"SMP_210172",2618.58399009705,2.2490424977333e-06,825,8.35990789084132e-07,2.37883251288384
"SMP_210172",2621.73828005791,1.68778484429839e-06,826,2.7246156646846e-07,0.775296141165029
"SMP_210172",2624.89258003235,2.20907461469874e-06,827,7.91470864517982e-07,2.25214996397069
"SMP_210172",2628.04688000679,1.22042732881821e-06,828,-1.99465741056016e-07,-0.567584710532939
"SMP_210172",2631.20313000679,1.69131891774031e-06,829,2.69126306024922e-07,0.765805574898486
"SMP_210172",2634.35742020607,1.58851647297745e-06,830,1.64016994542386e-07,0.466714423624654
"SMP_210172",2637.51172018051,1.38506584611813e-06,831,-4.17492075938724e-08,-0.118798405087985
"SMP_210172",2640.66797018051,1.16495630372998e-06,832,-2.64184417582004e-07,-0.7517433088346
"SMP_210172",2643.82227015495,1.32375465416842e-06,833,-1.07718904677351e-07,-0.306516813396291
"SMP_210172",2646.97656011581,1.7797449688307e-06,834,3.45930024396778e-07,0.984352459336656
"SMP_210172",2650.13281011581,1.52937957507182e-06,835,9.32132754026691e-08,0.265240685729553
"SMP_210172",2653.28711009026,1.80917271055482e-06,836,3.70648047553135e-07,1.05468820693858
"SMP_210172",2656.4414100647,2.00458887126003e-06,837,5.63697435345819e-07,1.60401502521211
"SMP_210172",2659.59570002556,2.16663616035017e-06,838,7.23369598127002e-07,2.05836612236054
"SMP_210172",2662.75195002556,1.03583010165594e-06,839,-4.09821382758093e-07,-1.16615690329317
"SMP_210172",2665.90625,2.16837309713685e-06,840,7.20329897784594e-07,2.0497165796881
"SMP_210172",2669.06054997444,1.83022418555145e-06,841,3.79781056232084e-07,1.08067640952361
"SMP_210172",2672.21679997444,9.6246054015167e-07,842,-4.90392176762837e-07,-1.39542309482302
"SMP_210172",2675.37109017372,1.24783748705772e-06,843,-2.07431441493803e-07,-0.590251308582493
"SMP_210172",2678.52539014816,1.32588579127702e-06,844,-1.31807425494869e-07,-0.375061296488942
"SMP_210172",2681.68164014816,1.37214536808845e-06,845,-8.79816635342429e-08,-0.250354004476718
"SMP_210172",2684.8359401226,1.36797220193598e-06,846,-9.45951151455076e-08,-0.269172744970852
"SMP_210172",2687.9921901226,1.69347182443914e-06,847,2.28454782759655e-07,0.650073747281192
"SMP_210172",2691.14649009705,2.14844800193052e-06,848,6.80974872195289e-07,1.93773087884111
"SMP_210172",2694.30078005791,1.86731236386117e-06,849,3.97375328008068e-07,1.13074134598909
"SMP_210172",2697.45508003235,1.9870649588014e-06,850,5.14656231754685e-07,1.46446706475987
"SMP_210172",2700.61133003235,2.46949648961027e-06,851,9.94606807546922e-07,2.83017832519458
"SMP_210172",2703.76563000679,1.47016721955127e-06,852,-7.20956708010876e-09,-0.0205150018372437
"SMP_210172",2706.91992020607,2.08767133831659e-06,853,6.0779982351487e-07,1.72950946395742
"SMP_210172",2710.07617020607,2.79724481200475e-06,854,1.31486942929996e-06,3.74149355406472
"SMP_210172",2713.23047018051,2.52598458325415e-06,855,1.04109934321709e-06,2.9624739879013
"SMP_210172",2716.38477015495,1.81729997876232e-06,856,3.29897395968561e-07,0.938731217727269
"SMP_210172",2719.54102015495,1.98612370322549e-06,857,4.96194777742147e-07,1.41193453974455
"SMP_210172",2722.69531011581,2.19173317026661e-06,858,6.99272080566444e-07,1.98979603881255
"SMP_210172",2725.84961009026,2.12830634134876e-06,859,6.33305739901262e-07,1.80208718127571
"SMP_210172",2729.00586009026,2.5950621604847e-06,860,1.09751317970804e-06,3.12300095802284
"SMP_210172",2732.1601600647,2.71492074193664e-06,861,1.21481771183414e-06,3.45679391193312
