"whale_index","Elapsed_DIV_Time","Sr_DIV_Ca","row_number","no_trend","nt_sd"
"SMP_210114",6.3125,0.000512642693340803,1,-2.62686033069869e-05,-0.202317037177369
"SMP_210114",9.46483993530273,0.000461566879881825,2,-7.65492541101016e-05,-0.589571440426525
"SMP_210114",12.6210899353027,0.000562958205335032,3,2.56341639202541e-05,0.197430675481912
"SMP_210114",15.7773399353027,0.000535298912033491,4,-1.23709949930296e-06,-0.00952796395254142
"SMP_210114",18.9296798706055,0.000543100085154468,5,7.34706831780128e-06,0.0565860726063767
"SMP_210114",22.0859298706055,0.000517744524860655,6,-1.72285938659138e-05,-0.132692173426547
"SMP_210114",25.2421798706055,0.000514854882082439,7,-1.93424126508288e-05,-0.148972504310378
"SMP_210114",28.3945298194885,0.000531143449373213,8,-2.28305038997686e-06,-0.0175837285762315
"SMP_210114",31.5507798194885,0.000562417742947161,9,2.97589125633175e-05,0.229198901405975
"SMP_210114",34.7070298194885,0.00058371148556228,10,5.18162390193437e-05,0.399081284739628
"SMP_210114",37.8593699932098,0.000555772748752034,11,2.46360584050684e-05,0.189743409118228
"SMP_210114",41.0156199932098,0.000542093286136584,12,1.17120022000793e-05,0.0902041709962028
"SMP_210114",44.1718699932098,0.000534085502853528,13,4.45552836741525e-06,0.0343158441969927
"SMP_210114",47.3242199420929,0.000492198705476618,14,-3.66849810916442e-05,-0.282542493661821
"SMP_210114",50.4804699420929,0.000519896957784297,15,-8.24361960585177e-06,-0.063491182792714
"SMP_210114",53.6367199420929,0.000505008599825495,16,-2.2392976768253e-05,-0.172467514179925
"SMP_210114",56.7890598773956,0.000554631873849282,17,2.796427800321e-05,0.215376881910919
"SMP_210114",59.9453098773956,0.000488295556422892,18,-3.76412617151659e-05,-0.289907630673486
"SMP_210114",63.0976500511169,0.000515429373211264,19,-9.781684624448e-06,-0.0753371402618641
"SMP_210114",66.2539000511169,0.000496988013754753,20,-2.75005046779061e-05,-0.21180496588627
"SMP_210114",69.4101500511169,0.000481845114331233,21,-4.19249921145663e-05,-0.322900311416538
"SMP_210114",72.5664000511169,0.000497975446763976,22,-2.50803789199385e-05,-0.193165502370583
"SMP_210114",75.71875,0.000519221614328243,23,-3.12494057288885e-06,-0.0240678467246129
"SMP_210114",78.875,0.000486725196617419,24,-3.49153462815768e-05,-0.268913018677
"SMP_210114",82.03125,0.000519481562589349,25,-1.45711095412876e-06,-0.0112224608074084
"SMP_210114",85.1835899353027,0.000555449252764559,26,3.52074403262474e-05,0.271162685360998
"SMP_210114",88.3398399353027,0.000541796234835918,27,2.2248000177376e-05,0.171350925148391
"SMP_210114",91.4960899353027,0.000510022325303369,28,-8.83648564365248e-06,-0.0680573524824067
"SMP_210114",94.6484298706055,0.000523128966826862,29,4.95457535866029e-06,0.0381594329672461
"SMP_210114",97.8046798706055,0.000547821909061454,30,3.03286268999121e-05,0.23358675999405
"SMP_210114",100.957029819489,0.000613113527570296,31,9.62963553252492e-05,0.741660798357011
"SMP_210114",104.113279819489,0.000633699800833219,32,0.000117555408260473,0.905394992854798
"SMP_210114",107.269529819489,0.000632403518323697,33,0.000116927732320512,0.900560722262016
"SMP_210114",110.42186999321,0.000607211368399395,34,9.23991915729177e-05,0.71164539881131
"SMP_210114",113.57811999321,0.000589382034304608,35,7.5230111597114e-05,0.579411592880638
"SMP_210114",116.73436999321,0.00070237687593231,36,0.000188881022819428,1.4547347062679
"SMP_210114",119.886719942093,0.000717895844825241,37,0.000205051070056419,1.57927410449072
"SMP_210114",123.042969942093,0.00065408290699617,38,0.000141885826529278,1.09278440522304
"SMP_210114",126.199219942093,0.000601871938469889,39,9.03183563589137e-05,0.695619102687691
"SMP_210114",129.355469942093,0.000639438150363246,40,0.00012852386685339,0.989872497006349
"SMP_210114",132.507809877396,0.000619307899493185,41,0.000109027926846669,0.839717546891498
"SMP_210114",135.664059877396,0.000606725120817143,42,9.70760410503864e-05,0.747665826640996
"SMP_210114",138.816400051117,0.000619119770582543,43,0.000110096598819521,0.847948306050453
"SMP_210114",141.972650051117,0.000544475910028287,44,3.60752102070813e-05,0.277846125252734
"SMP_210114",145.128900051117,0.000620747185215415,45,0.00011296473854675,0.870038309277588
"SMP_210114",148.28125,0.000631512200741712,46,0.000124343028501869,0.957672276145268
"SMP_210114",151.4375,0.000679142062016143,47,0.000172582699148688,1.32920734124257
"SMP_210114",154.59375,0.000553273125468484,48,4.73193417624986e-05,0.364446823254805
"SMP_210114",157.746089935303,0.000540509689219716,49,3.51565083106049e-05,0.270770414238631
"SMP_210114",160.902339935303,0.000554481624021747,50,4.9725555678231e-05,0.382979139745208
"SMP_210114",164.058589935303,0.000527312400761875,51,2.3149203351403e-05,0.178291863497232
"SMP_210114",167.210929870605,0.000514994561897251,52,1.14192633981785e-05,0.0879495384839494
"SMP_210114",170.367179870605,0.000524834935762115,53,2.18440187711003e-05,0.168239517958701
"SMP_210114",173.523429870605,0.000494148754068247,54,-8.26203446889083e-06,-0.0636330114421686
"SMP_210114",176.675779819489,0.000485989295604461,55,-1.5846330294784e-05,-0.122046176490927
"SMP_210114",179.832029819489,0.00047914028070789,56,-2.21237290051001e-05,-0.170393806298652
"SMP_210114",182.988279819489,0.000429126118413705,57,-7.15705395888551e-05,-0.551226091070908
"SMP_210114",186.14061999321,0.000439369293962143,58,-6.07649754960627e-05,-0.468003177133095
"SMP_210114",189.29686999321,0.000447358408510489,59,-5.22170443208444e-05,-0.402168230023203
"SMP_210114",192.45311999321,0.000428056252596014,60,-7.09646595059038e-05,-0.546559689061066
"SMP_210114",195.605469942093,0.000390829441309347,61,-0.000107641887062369,-0.82904246610047
"SMP_210114",198.761719942093,0.00046998218286616,62,-2.79431627020836e-05,-0.215214254872357
"SMP_210114",201.917969942093,0.000411058501869183,63,-8.6325148214688e-05,-0.664863982930053
"SMP_210114",205.070309877396,0.000433718388650054,64,-6.31285201749731e-05,-0.486206861245463
"SMP_210114",208.226559877396,0.000390207193460953,65,-0.000106106600621186,-0.817217908838376
"SMP_210114",211.382809877396,0.000382377853186472,66,-0.000113407124893509,-0.873445505842935
"SMP_210114",214.535150051117,0.000442435151123496,67,-5.28259605852937e-05,-0.406858016270031
"SMP_210114",217.691400051117,0.000435227933351056,68,-5.95129659264979e-05,-0.45836037794534
"SMP_210114",220.84375,0.000421702559729104,69,-7.25230720980277e-05,-0.558562360640279
"SMP_210114",224,0.000391702357255021,70,-0.00010201168094143,-0.78567942133656
"SMP_210114",227.15625,0.000455359800272465,71,-3.78469620685269e-05,-0.291491905465411
"SMP_210114",230.3125,0.000404864145301121,72,-8.78396627684164e-05,-0.67652855807672
"SMP_210114",233.464839935303,0.000429927253673885,73,-6.22785405571153e-05,-0.479660439422556
"SMP_210114",236.621089935303,0.000434520286130644,74,-5.71912030577492e-05,-0.440478491377404
"SMP_210114",239.777339935303,0.000401185544840262,75,-9.00359723111582e-05,-0.693444221015439
"SMP_210114",242.929679870605,0.000447261723701634,76,-4.34747571633357e-05,-0.334836380849841
"SMP_210114",246.085929870605,0.000461784570850035,77,-2.8470610035921e-05,-0.21927657903181
"SMP_210114",249.242179870605,0.000456375991639745,78,-3.34022336944639e-05,-0.257259241277307
"SMP_210114",252.394529819489,0.0004642870526164,79,-2.50191466992377e-05,-0.192693900537505
"SMP_210114",255.550779819489,0.000465063131659282,80,-2.37748070054935e-05,-0.183110173639716
"SMP_210114",258.70311999321,0.000446740234400833,81,-4.16343714310908e-05,-0.320661992350386
"SMP_210114",261.85936999321,0.000445764325396444,82,-4.21507298883071e-05,-0.324638911563205
"SMP_210114",265.01561999321,0.000414892112503939,83,-7.25677556953983e-05,-0.558906507336044
"SMP_210114",268.167969942093,0.000473344699908303,84,-1.36649028396024e-05,-0.105245133268643
"SMP_210114",271.324219942093,0.000550173573416313,85,6.36104248074745e-05,0.489918422012906
"SMP_210114",274.480469942093,0.000475885057921006,86,-1.02360114321655e-05,-0.0788363005549889
"SMP_210114",277.632809877396,0.000490577124152957,87,4.89321583608057e-06,0.0376868506732479
"SMP_210114",280.789059877396,0.000530506919121033,88,4.52563342982128e-05,0.348557833917557
"SMP_210114",283.945309877396,0.000526574574520188,89,4.1752926886393e-05,0.321575089562965
"SMP_210114",287.097650051117,0.000512650566121293,90,2.8252942369457e-05,0.217600133700719
"SMP_210114",290.253900051117,0.000504379713333589,91,2.0402248179724e-05,0.157135206437916
"SMP_210114",293.410150051117,0.000486472677200064,92,2.91097291750628e-06,0.0224198983513062
"SMP_210114",296.5625,0.000442532385407116,93,-4.06184651221526e-05,-0.312837626811336
"SMP_210114",299.71875,0.000486513655123484,94,3.76976403170453e-06,0.0290341850626452
"SMP_210114",302.875,0.000534701506547915,95,5.23601657453192e-05,0.403270530827625
"SMP_210114",306.027339935303,0.000527697728063302,96,4.57540340990228e-05,0.352391046819168
"SMP_210114",309.183589935303,0.000499292505865327,97,1.77425379412591e-05,0.136650497414448
"SMP_210114",312.339839935303,0.000520857488000493,98,3.96968255466995e-05,0.305739290212622
"SMP_210114",315.492179870605,0.000540425894882007,99,5.96496394553162e-05,0.459413017976786
"SMP_210114",318.648429870605,0.000484635909379739,100,4.24011234523758e-06,0.0326567407091446
"SMP_210114",321.804679870605,0.000533675285251943,101,5.36555146180633e-05,0.413247123148958
"SMP_210114",324.957029819489,0.000517647765717598,102,3.79991292631872e-05,0.292663875502017
"SMP_210114",328.113279819489,0.000457404136741014,103,-2.18773432340634e-05,-0.168496178220895
"SMP_210114",331.269529819489,0.000512587629605434,104,3.36688626964801e-05,0.259312779833699
"SMP_210114",334.42186999321,0.00047667759807029,105,-1.88334404612936e-06,-0.0145052473078073
"SMP_210114",337.57811999321,0.000474119949890347,106,-4.08717189662037e-06,-0.031478815180817
"SMP_210114",340.73436999321,0.000485223272388144,107,7.36551609578759e-06,0.0567281547620619
"SMP_210114",343.886719942093,0.000454172787285892,108,-2.33404855901507e-05,-0.179765092026204
"SMP_210114",347.042969942093,0.000445836459197746,109,-3.13363637632961e-05,-0.241348205628277
"SMP_210114",350.199219942093,0.000445303320887354,110,-3.15335184151733e-05,-0.242866662645858
"SMP_210114",353.351559877396,0.000433195018995615,111,-4.33107146364689e-05,-0.333572948697818
"SMP_210114",356.507809877396,0.000434937677537168,112,-4.12410108309839e-05,-0.317632385095448
"SMP_210114",359.664059877396,0.000465434094269505,113,-1.04220265128316e-05,-0.0802689621834305
"SMP_210114",362.816400051117,0.000425034967863742,114,-5.05034580771422e-05,-0.388970433104875
"SMP_210114",365.972650051117,0.000427087300794062,115,-4.81375187850408e-05,-0.370748306023144
"SMP_210114",369.128900051117,0.000427788810791097,116,-4.71268915259731e-05,-0.362964598973487
"SMP_210114",372.28125,0.000438236896633155,117,-3.63745549684788e-05,-0.280151635923124
"SMP_210114",375.4375,0.000448332639046181,118,-2.59786793605007e-05,-0.200084084280164
"SMP_210114",378.589839935303,0.000455660309091895,119,-1.8355740094741e-05,-0.141373292967505
"SMP_210114",381.746089935303,0.00048201564390781,120,8.2907286470285e-06,0.0638540099108428
"SMP_210114",384.902339935303,0.000505260637245562,121,3.18223477763961e-05,0.245091185203434
"SMP_210114",388.054679870605,0.000440675085944613,122,-3.24814363748498e-05,-0.250167391612973
"SMP_210114",391.210929870605,0.000437364379593621,123,-3.55145390324359e-05,-0.273527915808577
"SMP_210114",394.367179870605,0.000497404257756967,124,2.47984232684467e-05,0.190993920145271
"SMP_210114",397.523429870605,0.000409402853392897,125,-6.29344203227395e-05,-0.48471193185917
"SMP_210114",400.675779819489,0.00045650651092158,126,-1.55670526551687e-05,-0.119895219931245
"SMP_210114",403.832029819489,0.00044380759560675,127,-2.80065618758859e-05,-0.215702546269248
"SMP_210114",406.988279819489,0.0004295578224133,128,-4.20016589118541e-05,-0.32349078815776
"SMP_210114",410.14061999321,0.000477281808587052,129,5.97197660219632e-06,0.0459953122794146
"SMP_210114",413.29686999321,0.000471706338875684,130,6.41758518952356e-07,0.0049427326082176
"SMP_210114",416.449219942093,0.000442460246800481,131,-2.83640767048165e-05,-0.218456074505635
"SMP_210114",419.605469942093,0.000426829733417256,132,-4.37587236990237e-05,-0.337023450618512
"SMP_210114",422.761719942093,0.000436052273120875,133,-3.43049983754892e-05,-0.264212206130403
"SMP_210114",425.914059877396,0.00043539426859851,134,-3.47367659367872e-05,-0.267537618324202
"SMP_210114",429.070309877396,0.000413840308436012,135,-5.60688667342256e-05,-0.431834417041277
"SMP_210114",432.226559877396,0.000411598955184992,136,-5.80930118863549e-05,-0.447424094391454
"SMP_210114",435.378900051117,0.000426138495157748,137,-4.33411656937335e-05,-0.333807478399024
"SMP_210114",438.535150051117,0.000430917076166157,138,-3.8354643872318e-05,-0.295401998330705
"SMP_210114",441.691400051117,0.000423319677135498,139,-4.57487238532011e-05,-0.352350148063008
"SMP_210114",444.84375,0.000420991160160207,140,-4.78787763961534e-05,-0.368755509036562
"SMP_210114",448,0.000423179728335905,141,-4.54960975014772e-05,-0.350404455922607
"SMP_210114",451.15625,0.000426999033949768,142,-4.1487273428901e-05,-0.319529064511401
"SMP_210114",454.308589935303,0.000422318483220038,143,-4.59831143957051e-05,-0.354155390600939
"SMP_210114",457.464839935303,0.000437663858304873,144,-3.04573701989852e-05,-0.234578322526725
"SMP_210114",460.621089935303,0.000429533512139253,145,-3.8411910010051e-05,-0.295843053958266
"SMP_210114",463.773429870605,0.000418573401593404,146,-4.92009764619994e-05,-0.378938905418605
"SMP_210114",466.929679870605,0.0004379523433318,147,-2.96553187465568e-05,-0.228401036600146
"SMP_210114",470.085929870605,0.000426931499010809,148,-4.0513980344896e-05,-0.312032899954805
"SMP_210114",473.238279819489,0.000397043991483711,149,-7.02440205914198e-05,-0.541009430893576
"SMP_210114",476.394529819489,0.000465954097456346,150,-1.18076331862233e-06,-0.00909407072159967
"SMP_210114",479.550779819489,0.000438851276143279,151,-2.81349370829565e-05,-0.216691273809804
"SMP_210114",482.70311999321,0.000458335993457094,152,-8.50624192883323e-06,-0.0655138624784707
"SMP_210114",485.85936999321,0.000458040198251046,153,-8.66236202528919e-06,-0.0667162772010843
"SMP_210114",489.011719942093,0.000478358241076506,154,1.17907173558717e-05,0.0908104239025627
"SMP_210114",492.167969942093,0.000436774885017741,155,-2.96618967414894e-05,-0.228451699379198
"SMP_210114",495.324219942093,0.000468109255996775,156,1.79876161504795e-06,0.0138538054837535
"SMP_210114",498.480469942093,0.00041686984295222,157,-4.93188087975285e-05,-0.379846433265797
"SMP_210114",501.632809877396,0.000434238830308355,158,-3.1832556425463e-05,-0.245169810762953
"SMP_210114",504.789059877396,0.000483687243943518,159,1.77288453415825e-05,0.13654503896409
"SMP_210114",507.945309877396,0.000484277876358194,160,1.84280506455495e-05,0.141930218519476
"SMP_210114",511.097650051117,0.00045953209040011,161,-6.21369414446633e-06,-0.0478569863248275
"SMP_210114",514.253900051117,0.000484027943797857,162,1.8381936611465e-05,0.141575054804099
"SMP_210114",517.410150051117,0.000498269190703431,163,3.27185751355706e-05,0.251993800535756
"SMP_210114",520.5625,0.000434695026089156,164,-3.07646835297371e-05,-0.236945205982089
"SMP_210114",523.71875,0.000440152864083402,165,-2.52201904922482e-05,-0.194242311165563
"SMP_210114",526.871089935303,0.00045558991578227,166,-9.70093925032689e-06,-0.0747152509034141
"SMP_210114",530.027339935303,0.000499960008374927,167,3.47471111289434e-05,0.267617295519125
"SMP_210114",533.183589935303,0.000484895394846822,168,1.97561188153243e-05,0.152158810201278
"SMP_210114",536.335929870605,0.000471665203832203,169,6.59513910986547e-06,0.0507948210602301
"SMP_210114",539.492179870605,0.000463971666100422,170,-1.03341569473731e-06,-0.00795922033190988
"SMP_210114",542.648429870605,0.000452844431222395,171,-1.20999747147786e-05,-0.0931922799855883
"SMP_210114",545.800779819489,0.000514650830568252,172,4.97627362410782e-05,0.383265499138888
"SMP_210114",548.957029819489,0.000511808859085669,173,4.69728612849076e-05,0.36177828001911
"SMP_210114",552.113279819489,0.00046209488397147,174,-2.6932948691043e-06,-0.020743373060008
"SMP_210114",555.269529819489,0.000467048181745339,175,2.30355413710149e-06,0.0177416455130709
"SMP_210114",558.42186999321,0.000477101796990014,176,1.2396416679661e-05,0.0954754337311127
"SMP_210114",561.57811999321,0.000452020937915163,177,-1.26493918472161e-05,-0.0974238124013097
"SMP_210114",564.730469942093,0.000433405192624821,178,-3.1234360276826e-05,-0.24056258931959
"SMP_210114",567.886719942093,0.000435510230463327,179,-2.91027332830266e-05,-0.224145102150103
"SMP_210114",571.042969942093,0.000457424026890915,180,-7.16656626046779e-06,-0.0551958714975717
"SMP_210114",574.195309877396,0.000462327337827665,181,-2.24511335054564e-06,-0.0172915429077622
"SMP_210114",577.351559877396,0.000489541984438897,182,2.49835014457604e-05,0.19241936587768
"SMP_210114",580.507809877396,0.000442091111275304,183,-2.24575925901467e-05,-0.172965176026942
"SMP_210114",583.660150051117,0.000438333022237928,184,-2.6210086074518e-05,-0.201866345796537
"SMP_210114",586.816400051117,0.000435170453732527,185,-2.93712188931217e-05,-0.226212940037196
"SMP_210114",589.972650051117,0.000420198567634861,186,-4.43458288584435e-05,-0.341545250844326
"SMP_210114",593.125,0.000431066007176085,187,-3.34852518509354e-05,-0.257898635281356
"SMP_210114",596.28125,0.000473647760908138,188,9.08549352909171e-06,0.0699751757114197
"SMP_210114",599.4375,0.000421219862266679,189,-4.33575435158797e-05,-0.333933618049972
"SMP_210114",602.589839935303,0.000451837942151154,190,-1.27586958449193e-05,-0.0982656562065751
"SMP_210114",605.746089935303,0.000440491016188584,191,-2.41289857128704e-05,-0.185838007543575
"SMP_210114",608.902339935303,0.000447852982305718,192,-1.67944840496669e-05,-0.129348721519101
"SMP_210114",612.054679870605,0.000429895892880514,193,-3.47830870207603e-05,-0.267894376708299
"SMP_210114",615.210929870605,0.000449506390075545,194,-1.5208220812207e-05,-0.117131548240577
"SMP_210114",618.367179870605,0.000435480766886737,195,-2.92735460331081e-05,-0.225460677595998
"SMP_210114",621.519529819489,0.000420332403640445,196,-4.44656159402704e-05,-0.342467833868788
"SMP_210114",624.675779819489,0.000410566147822454,197,-5.42796813664184e-05,-0.418054366448348
"SMP_210114",627.832029819489,0.00044311406786954,198,-2.17836124701375e-05,-0.167774277241682
"SMP_210114",630.98436999321,0.000408051577735839,199,-5.69019137436471e-05,-0.438250426328333
"SMP_210114",634.14061999321,0.000450461234906919,200,-1.45521563175183e-05,-0.112078633047047
"SMP_210114",637.29686999321,0.000443335930540479,201,-2.17413724686229e-05,-0.167448950772782
"SMP_210114",640.449219942093,0.00038832860384688,202,-7.68165267640648e-05,-0.591629936298438
"SMP_210114",643.605469942093,0.000429096736135096,203,-3.61202958976833e-05,-0.278193368813233
"SMP_210114",646.757809877396,0.000470867477747169,204,5.57465822305082e-06,0.0429352227746388
"SMP_210114",649.914059877396,0.000450961158386743,205,-1.44115128789066e-05,-0.11099541733642
"SMP_210114",653.070309877396,0.000449107039680599,206,-1.63494461987669e-05,-0.125921103446924
"SMP_210114",656.222650051117,0.000461677333385364,207,-3.86680897742042e-06,-0.0297816113974536
"SMP_210114",659.378900051117,0.000474736922889884,208,9.10107456271068e-06,0.0700951786107406
"SMP_210114",662.535150051117,0.000462633724107044,209,-3.09776355376858e-06,-0.0238585331983676
"SMP_210114",665.691400051117,0.00047223399477352,210,6.40294424819328e-06,0.04931456363962
"SMP_210114",668.84375,0.000476197382552313,211,1.02629857427536e-05,0.0790440528490223
"SMP_210114",672,0.000458740198932962,212,-7.3015734699726e-06,-0.0562356777752558
"SMP_210114",675.15625,0.000470824002482801,213,4.67096045858172e-06,0.0359750714459014
"SMP_210114",678.308589935303,0.00048249504979338,214,1.62269990135067e-05,0.124978032685109
"SMP_210114",681.464839935303,0.000505446910348926,215,3.90598362006602e-05,0.300833289094171
"SMP_210114",684.617179870605,0.000466127641041635,216,-3.82166375765863e-07,-0.00294339093518524
"SMP_210114",687.773429870605,0.000459240583224917,217,-7.39596200322447e-06,-0.0569626448000293
"SMP_210114",690.929679870605,0.000459130916533712,218,-7.63621136558242e-06,-0.058813011133099
"SMP_210114",694.082029819489,0.000474310064383827,219,7.40868724829531e-06,0.0570606528231434
"SMP_210114",697.238279819489,0.000465457248434793,220,-1.58236685703799e-06,-0.0121871639120775
"SMP_210114",700.394529819489,0.000435295222515474,221,-3.18864462901019e-05,-0.245584862816548
"SMP_210114",703.54686999321,0.000433590947615835,222,-3.37363971886013e-05,-0.259832920862651
"SMP_210114",706.70311999321,0.000455709014607391,223,-1.17679802147205e-05,-0.0906353056833774
"SMP_210114",709.85936999321,0.000489695976246738,224,2.2065545552442e-05,0.169945685642332
"SMP_210114",713.011719942093,0.000496997913123211,225,2.92104671270073e-05,0.224974852855278
"SMP_210114",716.167969942093,0.000483624477654692,226,1.56760582400509e-05,0.120734765403512
"SMP_210114",719.324219942093,0.00048992008301743,227,2.18069338328078e-05,0.167953895051706
"SMP_210114",722.476559877396,0.000466633451638846,228,-1.64796280133033e-06,-0.0126923745220587
"SMP_210114",725.632809877396,0.000459147318522724,229,-9.30630425237053e-06,-0.0716758284179486
"SMP_210114",728.789059877396,0.000447304416971424,230,-2.13251409871958e-05,-0.164243195250946
"SMP_210114",731.941400051117,0.000453917821571931,231,-1.48911637397352e-05,-0.114689619875792
"SMP_210114",735.097650051117,0.000493875886775301,232,2.48835466842137e-05,0.191649528556237
"SMP_210114",738.253900051117,0.000479242440496187,233,1.00630482800067e-05,0.0775041630189093
"SMP_210114",741.40625,0.000443361825817609,234,-2.60080680702807e-05,-0.200310431932518
"SMP_210114",744.5625,0.000458770013228629,235,-1.07942934222987e-05,-0.0831361088406924
"SMP_210114",747.71875,0.000454831042449475,236,-1.49313448071963e-05,-0.114999088728183
"SMP_210114",750.871089935303,0.000494557750936821,237,2.45938772493623e-05,0.189418535871354
"SMP_210114",754.027339935303,0.000452480762043164,238,-1.76884939069463e-05,-0.136234257968008
"SMP_210114",757.179679870605,0.000447862753664442,239,-2.25152616998012e-05,-0.173409335286786
"SMP_210114",760.335929870605,0.000439782882858439,240,-3.08077771206046e-05,-0.237277106674476
"SMP_210114",763.492179870605,0.000412379816820009,241,-5.84271064490447e-05,-0.449997243076618
"SMP_210114",766.648429870605,0.000490939514783248,242,1.99127193873497e-05,0.153364925478219
"SMP_210114",769.800779819489,0.000441368434019699,243,-2.98815541504521e-05,-0.230143469423309
"SMP_210114",772.957029819489,0.000448846501226956,244,-2.26305427996787e-05,-0.174297213880756
"SMP_210114",776.113279819489,0.000447641488306287,245,-2.40661909106994e-05,-0.185354370930813
"SMP_210114",779.26561999321,0.000421847408580123,246,-5.00941829959775e-05,-0.385818254785986
"SMP_210114",782.42186999321,0.000427580796650657,247,-4.4598554864947e-05,-0.34349171051163
"SMP_210114",785.57811999321,0.000434778621450707,248,-3.7642039835332e-05,-0.289913623644058
"SMP_210114",788.730469942093,0.000463862667917424,249,-8.80253840024418e-06,-0.0677958956540232
"SMP_210114",791.886719942093,0.000463964851916865,250,-8.94872996198316e-06,-0.0689218422179008
"SMP_210114",795.039059877396,0.000437090263735379,251,-3.60748998020399e-05,-0.277843734557364
"SMP_210114",798.195309877396,0.000464858600018069,252,-8.56196555526636e-06,-0.0659430379039389
"SMP_210114",801.351559877396,0.000469878699093898,253,-3.80287380982725e-06,-0.0292891918528085
"SMP_210114",804.503900051117,0.000477877762657045,254,3.92785472659373e-06,0.030251777053415
"SMP_210114",807.660150051117,0.000479802364464167,255,5.57619023865298e-06,0.0429470221403651
"SMP_210114",810.816400051117,0.00042691148946709,256,-4.75984921222191e-05,-0.366596799522885
"SMP_210114",813.96875,0.000453438503998137,257,-2.13623993830936e-05,-0.164530154103685
"SMP_210114",817.125,0.000442958962905109,258,-3.21406344899498e-05,-0.247542584088505
"SMP_210114",820.28125,0.000467377647041045,259,-8.0279991522449e-06,-0.0618305048031469
"SMP_210114",823.4375,0.000487620848191847,260,1.19018605362851e-05,0.0916664328308226
"SMP_210114",826.589839935303,0.000446293050356649,261,-2.97461077223169e-05,-0.229100280346359
"SMP_210114",829.746089935303,0.000526182561790058,262,4.98156721238743e-05,0.383673203760353
"SMP_210114",832.898429870605,0.000488493863657954,263,1.17925552035102e-05,0.0908245787430257
"SMP_210114",836.054679870605,0.000457047884241814,264,-1.99952977510731e-05,-0.15400093226123
"SMP_210114",839.210929870605,0.00042420239119901,265,-5.31896465484578e-05,-0.409659073702376
"SMP_210114",842.363279819489,0.000442925973868402,266,-3.48213958668992e-05,-0.268189425979017
"SMP_210114",845.519529819489,0.000496462385046513,267,1.83523899212375e-05,0.141347490408864
"SMP_210114",848.675779819489,0.000464049235335869,268,-1.4430181111189e-05,-0.111139197399661
"SMP_210114",851.82811999321,0.000502721408979478,269,2.38663075039446e-05,0.183814897432242
"SMP_210114",854.98436999321,0.000505322908430415,270,2.60849883567476e-05,0.200902861011253
"SMP_210114",858.14061999321,0.000529374287540507,271,4.97469392210357e-05,0.38314383274293
"SMP_210114",861.292969942093,0.000499837899068889,272,1.98150682823555e-05,0.152612830591078
"SMP_210114",864.449219942093,0.000512222686045423,273,3.17974020542573e-05,0.244899056808392
"SMP_210114",867.605469942093,0.000554148352258785,274,7.33141916996473e-05,0.564655451010639
"SMP_210114",870.757809877396,0.000526030374595038,275,4.47814945447671e-05,0.34490068584126
"SMP_210114",873.914059877396,0.00052262926392136,276,4.09588547026522e-05,0.3154592588261
"SMP_210114",877.070309877396,0.000499317762167545,277,1.72195867011918e-05,0.132622801528139
"SMP_210114",880.222650051117,0.000535860535396088,278,5.33289600651789e-05,0.410732046544228
"SMP_210114",883.378900051117,0.000520415212087844,279,3.74435902458557e-05,0.288385193201727
"SMP_210114",886.535150051117,0.000537072163678108,280,5.36544445299697e-05,0.413238881483039
"SMP_210114",889.6875,0.000562646878063397,281,7.8777635228728e-05,0.606734114069801
"SMP_210114",892.84375,0.000595499851407779,282,0.000111172603322782,0.856235539313109
"SMP_210114",896,0.000526690308227187,283,4.1899190381121e-05,0.322701590144468
"SMP_210114",899.152339935303,0.00057946708270957,284,9.42068781211638e-05,0.725567942857999
"SMP_210114",902.308589935303,0.000546908851372011,285,6.11732414349466e-05,0.471147583182025
"SMP_210114",905.464839935303,0.000509587529785813,286,2.33708362734819e-05,0.179998848661687
"SMP_210114",908.617179870605,0.000537648693634555,287,5.09459068288305e-05,0.392378110304088
"SMP_210114",911.773429870605,0.000519974112280213,288,3.27790786491233e-05,0.252459789970282
"SMP_210114",914.925779819489,0.00054294110188292,289,5.52489478831103e-05,0.425519518957624
"SMP_210114",918.082029819489,0.000572574660878811,290,8.43793449601289e-05,0.649877683704629
"SMP_210114",921.238279819489,0.000536070447664076,291,4.73666020480133e-05,0.364810815235259
"SMP_210114",924.394529819489,0.000543465333952127,292,5.42476529805389e-05,0.417807688387052
"SMP_210114",927.54686999321,0.0005827119178844,293,9.29758042501419e-05,0.716086387435317
"SMP_210114",930.70311999321,0.000552257403431006,294,6.19970358661097e-05,0.477492330430609
"SMP_210114",933.85936999321,0.000499645821898366,295,8.85608102882385e-06,0.0682082733450003
"SMP_210114",937.011719942093,0.000509823604790929,296,1.85000968325532e-05,0.142485107979116
"SMP_210114",940.167969942093,0.000555216266835389,297,6.33533393193934e-05,0.487938386240085
"SMP_210114",943.324219942093,0.000512434991923186,298,2.00277117598939e-05,0.154250580335436
"SMP_210114",946.476559877396,0.000539511902906223,299,4.65560825101332e-05,0.358568309321949
"SMP_210114",949.632809877396,0.000532740062416692,300,3.92302154739656e-05,0.302145525963743
"SMP_210114",952.785150051117,0.000562951408647165,301,6.88834834473935e-05,0.530530767801659
"SMP_210114",955.941400051117,0.000524081441116644,302,2.94500636442665e-05,0.226820191068482
"SMP_210114",959.097650051117,0.000526474813913131,303,3.12753615263761e-05,0.240878375097487
"SMP_210114",962.25,0.000564182307350901,304,6.84109298995322e-05,0.526891227754796
"SMP_210114",965.40625,0.00050522099215388,305,8.87248638584224e-06,0.068334625065608
"SMP_210114",968.5625,0.000525458072806085,306,2.85280023639386e-05,0.219718606558951
"SMP_210114",971.714839935303,0.000499844802658724,307,2.32952186599781e-06,0.0179416452584373
"SMP_210114",974.871089935303,0.000528819243500921,308,3.07137169838518e-05,0.236552668912715
"SMP_210114",978.027339935303,0.000527871541108015,309,2.91715187932943e-05,0.224674878342445
"SMP_210114",981.179679870605,0.000522138178945592,310,2.28402171143585e-05,0.175912095556133
"SMP_210114",984.335929870605,0.000522696484915438,311,2.27957185738108e-05,0.175569374141633
"SMP_210114",987.492179870605,0.000546620572448861,312,4.61129378076638e-05,0.355155272009052
"SMP_210114",990.644529819489,0.000533048113359451,313,3.1930366021067e-05,0.245923126322173
"SMP_210114",993.800779819489,0.000522546926011777,314,2.0814373986171e-05,0.16030934063646
"SMP_210114",996.957029819489,0.000500064833700176,315,-2.28640051749677e-06,-0.0176095307807139
"SMP_210114",1000.10936999321,0.00055336059217978,316,5.0387633843325e-05,0.388078371370744
"SMP_210114",1003.26561999321,0.000555571866771792,317,5.19726622056206e-05,0.400286033816826
"SMP_210114",1006.42186999321,0.000569408719985052,318,6.51795779684567e-05,0.502003815922028
"SMP_210114",1009.57421994209,0.000535960682703057,319,3.10987592222417e-05,0.239518209331777
"SMP_210114",1012.73046994209,0.000522567659524148,320,1.70686068818225e-05,0.131459976486724
"SMP_210114",1015.88671994209,0.000497433435302781,321,-8.70625143743319e-06,-0.0670543071954719
"SMP_210114",1019.0390598774,0.000553009908164384,322,4.62269445178897e-05,0.356033335435633
"SMP_210114",1022.1953098774,0.000529008534803276,323,2.15781176969104e-05,0.166191585798637
"SMP_210114",1025.34765005112,0.000561146464998813,324,5.30660839560894e-05,0.408707412234053
"SMP_210114",1028.50390005112,0.000545957908348312,325,3.72235026572116e-05,0.286690109975047
"SMP_210114",1031.66015005112,0.000553043618086553,326,4.36519932586048e-05,0.336201427984501
"SMP_210114",1034.81640005112,0.000509578427266024,327,-4.73549066879386e-07,-0.0036472073923954
"SMP_210114",1037.96875,0.000540408259484073,328,2.96936830310407e-05,0.228696512849093
"SMP_210114",1041.125,0.000512300145809898,329,9.1914315547201e-07,0.00707910952796997
"SMP_210114",1044.28125,0.000493089821257219,330,-1.89605536823789e-05,-0.146031480982509
"SMP_210114",1047.4335899353,0.000514207691696784,331,1.48589507996345e-06,0.0114441520404199
"SMP_210114",1050.5898399353,0.000505999980167102,332,-7.3968910839974e-06,-0.0569698004476699
"SMP_210114",1053.7460899353,0.000527662155211315,333,1.35874495262914e-05,0.104648598893157
"SMP_210114",1056.89842987061,0.000574559749793092,334,5.98053567033882e-05,0.460612330018586
"SMP_210114",1060.05467987061,0.000531090764587515,335,1.56532070522696e-05,0.120558768813443
"SMP_210114",1063.21092987061,0.000526377509731176,336,1.02542142348763e-05,0.0789764959460316
"SMP_210114",1066.36327981949,0.000515327240348414,337,-1.48345253789608e-06,-0.0114253399296854
"SMP_210114",1069.51952981949,0.000481827459289764,338,-3.56739292393982e-05,-0.274755516456044
"SMP_210114",1072.67186999321,0.000495519756696319,339,-2.26738546945623e-05,-0.174630795919548
"SMP_210114",1075.82811999321,0.000481228709957152,340,-3.76603065767665e-05,-0.290054311482034
"SMP_210114",1078.98436999321,0.000486814703447134,341,-3.27719812972302e-05,-0.252405127177973
"SMP_210114",1082.13671994209,0.00045250441090386,342,-6.77812768652474e-05,-0.522041729863434
"SMP_210114",1085.29296994209,0.000485700458573134,343,-3.52872345756177e-05,-0.271777249292234
"SMP_210114",1088.44921994209,0.000531515724782483,344,9.82394947100871e-06,0.0756626580837669
"SMP_210114",1091.60546994209,0.000501070885314778,345,-2.13269868221349e-05,-0.16425741160846
"SMP_210114",1094.7578098774,0.000499544094117455,346,-2.35609490504339e-05,-0.181463070162655
"SMP_210114",1097.9140598774,0.000480367056062637,347,-4.34479245915474e-05,-0.334629720207834
"SMP_210114",1101.0703098774,0.000466840105613637,348,-5.76866409054254e-05,-0.444294283038498
"SMP_210114",1104.22265005112,0.000478251523884306,349,-4.69878697980315e-05,-0.36189387344721
"SMP_210114",1107.37890005112,0.000500076883057404,350,-2.58777448133042e-05,-0.199306700789348
"SMP_210114",1110.53125,0.000504301298465792,351,-2.2369318884814e-05,-0.172285304534923
"SMP_210114",1113.6875,0.000456741099820253,352,-7.06479718732736e-05,-0.544120606069263
"SMP_210114",1116.84375,0.000465920780739667,353,-6.2188263227259e-05,-0.478965136300142
"SMP_210114",1119.9960899353,0.000468475021851369,354,-6.03545555955706e-05,-0.46484218157898
"SMP_210114",1123.1523399353,0.00055738725121276,355,2.78348536806698e-05,0.214380074232604
"SMP_210114",1126.3085899353,0.000467984710739712,356,-6.22918385238751e-05,-0.479762858466457
"SMP_210114",1129.46092987061,0.000498542979125548,357,-3.2458091960391e-05,-0.24998759626136
"SMP_210114",1132.61717987061,0.000436881665215624,358,-9.48460330760721e-05,-0.730490623187177
"SMP_210114",1135.77342987061,0.000476643560027575,359,-5.5811910832091e-05,-0.429855379320939
"SMP_210114",1138.92577981949,0.000503937589708878,360,-2.92458356999187e-05,-0.225247256560834
"SMP_210114",1142.08202981949,0.000465165660770514,361,-6.87476403461642e-05,-0.529484523605098
"SMP_210114",1145.23827981949,0.000481312339702645,362,-5.33317961997977e-05,-0.410753890048673
"SMP_210114",1148.39061999321,0.000507960771219009,363,-2.74141894597503e-05,-0.211140178383238
"SMP_210114",1151.54686999321,0.000498710266082907,364,-3.73972601805622e-05,-0.288028365644781
"SMP_210114",1154.70311999321,0.000509804177453006,365,-2.70366871889196e-05,-0.208232709719235
"SMP_210114",1157.85546994209,0.000484003215523432,366,-5.35707907224629e-05,-0.41259459178535
"SMP_210114",1161.01171994209,0.000510273452654632,367,-2.80352504330636e-05,-0.215923501446091
"SMP_210114",1164.16796994209,0.00049020517107613,368,-4.88388153627816e-05,-0.376149592270952
"SMP_210114",1167.3203098774,0.000456892392044631,369,-8.28864902932903e-05,-0.638379929918425
"SMP_210114",1170.4765598774,0.000402106131906739,370,-0.0001384090199059,-1.06600653634816
"SMP_210114",1173.6328098774,0.000454143914786755,371,-8.71079067258842e-05,-0.670892677374133
"SMP_210114",1176.78515005112,0.000430081059041145,372,-0.000111906857119401,-0.861890657361537
"SMP_210114",1179.94140005112,0.000467805450935599,373,-7.49197487109758e-05,-0.577021222184508
"SMP_210114",1183.09375,0.000487945914943648,374,-5.551587072773e-05,-0.427575320647851
"SMP_210114",1186.25,0.000468163842980029,375,-7.60355917900395e-05,-0.58561528647764
"SMP_210114",1189.40625,0.000471043411214882,376,-7.38937624310566e-05,-0.569119222146209
"SMP_210114",1192.5625,0.000491211329355407,377,-5.44636108232185e-05,-0.419470964899151
"SMP_210114",1195.7148399353,0.000509514241647456,378,-3.68975167208597e-05,-0.284179412773774
"SMP_210114",1198.8710899353,0.000482981872656567,379,-6.41684883751826e-05,-0.494216548040234
"SMP_210114",1202.0273399353,0.000466302740011496,380,-8.15880563363403e-05,-0.628379576718423
"SMP_210114",1205.17967987061,0.000416431619292814,381,-0.000132200548029747,-1.01818977118927
"SMP_210114",1208.33592987061,0.000409001389174563,382,-0.00014037494764321,-1.0811478314703
"SMP_210114",1211.49217987061,0.000522974550524042,383,-2.7147859629858e-05,-0.209088944007886
"SMP_210114",1214.64452981949,0.00044610021097015,384,-0.000104769274626179,-0.806918014706658
"SMP_210114",1217.80077981949,0.000472417156383725,385,-7.92022790224191e-05,-0.610004660021229
"SMP_210114",1220.95311999321,0.000550966905008093,386,-1.40352255352169e-06,-0.0108097305868027
"SMP_210114",1224.10936999321,0.00050613132581085,387,-4.69930228676379e-05,-0.361933561654571
"SMP_210114",1227.26561999321,0.000501568628299261,388,-5.23116639743937e-05,-0.402896977103553
"SMP_210114",1230.41796994209,0.000541204345354928,389,-1.34329988414876e-05,-0.103459041741056
"SMP_210114",1233.57421994209,0.000505365424820797,390,-5.00319765726344e-05,-0.385339149783063
"SMP_210114",1236.73046994209,0.000519932117269162,391,-3.62274349879162e-05,-0.279018538809845
"SMP_210114",1239.8828098774,0.000518515592319035,392,-3.84072800875525e-05,-0.295807394955338
"SMP_210114",1243.0390598774,0.00056996366707794,393,1.22743879239767e-05,0.0945355856542298
"SMP_210114",1246.1953098774,0.000510771263499319,394,-4.76865872569142e-05,-0.367275295689315
"SMP_210114",1249.34765005112,0.000559778878124073,395,5.51223319590686e-07,0.00424544341164111
"SMP_210114",1252.50390005112,0.000540239711717736,396,-1.9760912861248e-05,-0.152195733259426
"SMP_210114",1255.66015005112,0.000510814040370116,397,-4.99617900265278e-05,-0.384798583012457
"SMP_210114",1258.8125,0.000563000587064731,398,1.44825315519855e-06,0.0111542393030319
"SMP_210114",1261.96875,0.000539709591874387,399,-2.26224883204894e-05,-0.174235179430483
"SMP_210114",1265.125,0.000548273318003688,400,-1.48408157080286e-05,-0.114301846514431
"SMP_210114",1268.2773399353,0.000497204207124304,401,-6.66933379022345e-05,-0.513662579093432
"SMP_210114",1271.4335899353,0.000499929808941434,402,-6.47544723508311e-05,-0.498729713068505
"SMP_210114",1274.5898399353,0.000497820649501641,403,-6.76527464761096e-05,-0.521051807132723
"SMP_210114",1277.74217987061,0.000538956617732474,404,-2.73073130371733e-05,-0.21031703141546
"SMP_210114",1280.89842987061,0.000579592269051712,405,1.25343985593583e-05,0.096538150494478
"SMP_210114",1284.05467987061,0.000487745125346324,406,-8.01091344767584e-05,-0.616989131427109
"SMP_210114",1287.20702981949,0.000496629962415387,407,-7.20221714272231e-05,-0.554704495094364
"SMP_210114",1290.36327981949,0.000509577153142805,408,-5.98763373640489e-05,-0.461159012946259
"SMP_210114",1293.51952981949,0.000518286373547064,409,-5.19709944203925e-05,-0.4002731887728
"SMP_210114",1296.67186999321,0.000535516748666846,410,-3.55460407521694e-05,-0.273770537562312
"SMP_210114",1299.82811999321,0.000528305010198386,411,-4.35667662954678e-05,-0.335545022066455
"SMP_210114",1302.98436999321,0.000474182469247268,412,-9.85008863060476e-05,-0.758639781639392
"SMP_210114",1306.13671994209,0.000515990519392329,413,-5.75060232527295e-05,-0.442903191630694
"SMP_210114",1309.29296994209,0.000519085750056151,414,-5.52276235591605e-05,-0.425355282055079
"SMP_210114",1312.44921994209,0.000522712938129038,415,-5.24199296294866e-05,-0.403730823742085
"SMP_210114",1315.6015598774,0.000504610726199999,416,-7.13433023973728e-05,-0.54947594262259
"SMP_210114",1318.7578098774,0.000484803542703951,417,-9.19753742274988e-05,-0.708381218046635
"SMP_210114",1321.9140598774,0.0005156449970337,418,-6.19615425930514e-05,-0.4772189663023
"SMP_210114",1325.06640005112,0.000533857301983144,419,-4.4578588083489e-05,-0.343337929207792
"SMP_210114",1328.22265005112,0.00052342704304877,420,-5.58420061925741e-05,-0.430087169496251
"SMP_210114",1331.37890005112,0.000558677678763794,421,-2.14273352017486e-05,-0.165030280520132
"SMP_210114",1334.53125,0.000559434263128163,422,-2.15085066306625e-05,-0.165655451291847
"SMP_210114",1337.6875,0.000509462196013022,423,-7.23222172466284e-05,-0.55701540521357
"SMP_210114",1340.8398399353,0.000562137284475498,424,-2.04906010143097e-05,-0.157815687372159
"SMP_210114",1343.9960899353,0.000545340318137939,425,-3.81349844596784e-05,-0.29371021285456
"SMP_210114",1347.1523399353,0.000537495231813684,426,-4.68304120786058e-05,-0.360681156543208
"SMP_210114",1350.30467987061,0.000518035246006798,427,-6.71426281904231e-05,-0.517122948831276
"SMP_210114",1353.46092987061,0.000543359577642002,428,-4.26745537452102e-05,-0.328673328219963
"SMP_210114",1356.61717987061,0.00051444055829738,429,-7.24528256549491e-05,-0.558021332551735
"SMP_210114",1359.77342987061,0.000526833040368773,430,-6.09226152630242e-05,-0.469217296141261
"SMP_210114",1362.92577981949,0.00057711275283907,431,-1.15071462040179e-05,-0.088626399323807
"SMP_210114",1366.08202981949,0.000521854288064868,432,-6.76339883001456e-05,-0.520907334336072
"SMP_210114",1369.23827981949,0.000563351785640337,433,-2.70079583492908e-05,-0.208011444292698
"SMP_210114",1372.39061999321,0.000545100580673618,434,-4.61326596523482e-05,-0.355307166844783
"SMP_210114",1375.54686999321,0.00055765309034476,435,-3.44578655272346e-05,-0.265389567136675
"SMP_210114",1378.69921994209,0.000610067724785655,436,1.70769823015992e-05,0.13152448277564
"SMP_210114",1381.85546994209,0.000593966448742922,437,9.16479422185656e-08,0.000705859383400528
"SMP_210114",1385.01171994209,0.000580721257621319,438,-1.40408104360988e-05,-0.108140319978299
"SMP_210114",1388.1640598774,0.000563573325723496,439,-3.20781370800947e-05,-0.247061237948957
"SMP_210114",1391.3203098774,0.00060774616988681,440,1.12009547775435e-05,0.0862681566152226
"SMP_210114",1394.4765598774,0.000613858462274703,441,1.6416214731433e-05,0.126435345165368
"SMP_210114",1397.62890005112,0.00063085024000295,442,3.25087735094706e-05,0.250377938325972
"SMP_210114",1400.78515005112,0.000602646218169912,443,3.40109190488029e-06,0.026194724908739
"SMP_210114",1403.94140005112,0.000649043046974729,444,4.88909096215531e-05,0.376550814824182
"SMP_210114",1407.09375,0.000595503883511471,445,-5.55751296574844e-06,-0.0428031724475421
"SMP_210114",1410.25,0.000585799237809029,446,-1.61759393927894e-05,-0.124584778766649
"SMP_210114",1413.40625,0.000634307976674406,447,3.1415596243057e-05,0.24195844289008
"SMP_210114",1416.5585899353,0.000569929418572612,448,-3.38824686602425e-05,-0.260957942509719
"SMP_210114",1419.7148399353,0.000581817084793193,449,-2.2918917583311e-05,-0.176518235346546
"SMP_210114",1422.8710899353,0.000656877028363619,450,5.12134171502723e-05,0.394438436657034
"SMP_210114",1426.02342987061,0.000589448376033201,451,-1.71452057541955e-05,-0.132049930079936
"SMP_210114",1429.17967987061,0.00066597787871496,452,5.84496338882681e-05,0.450170746201455
"SMP_210114",1432.33592987061,0.000554540585294288,453,-5.39258874531554e-05,-0.415329496173889
"SMP_210114",1435.48827981949,0.00064739945476594,454,3.79923314660452e-05,0.292611519837689
"SMP_210114",1438.64452981949,0.000668406496232405,455,5.8053948509472e-05,0.44712323383253
"SMP_210114",1441.80077981949,0.000657688560895583,456,4.63869526798185e-05,0.357265695484141
"SMP_210114",1444.95311999321,0.000689696461625038,457,7.74433155699985e-05,0.596457374311434
"SMP_210114",1448.10936999321,0.000665346395524754,458,5.21368501973308e-05,0.401550586318332
"SMP_210114",1451.26171994209,0.000683711941704992,459,6.95434785095172e-05,0.535613955665135
"SMP_210114",1454.41796994209,0.000648483912415584,460,3.33516163172782e-05,0.256869393455471
"SMP_210114",1457.57421994209,0.000630549881103522,461,1.4449997395213e-05,0.11129181959372
"SMP_210114",1460.73046994209,0.000669244847474333,462,5.21735977096255e-05,0.401833610418404
"SMP_210114",1463.8828098774,0.000684507498110358,463,6.64622905356265e-05,0.511883085219568
"SMP_210114",1467.0390598774,0.000630194481204258,464,1.11702842170311e-05,0.0860319363312993
"SMP_210114",1470.1953098774,0.00064151231058798,465,2.15052745536001e-05,0.165630558295156
"SMP_210114",1473.34765005112,0.00059581714043875,466,-2.51753833140064e-05,-0.19389721266755
"SMP_210114",1476.50390005112,0.000597361579870351,467,-2.46215485742845e-05,-0.189631656470405
"SMP_210114",1479.66015005112,0.00058336341002288,468,-3.96142439365579e-05,-0.305103258426161
"SMP_210114",1482.8125,0.000633242898730471,469,9.26801090719842e-06,0.0713808985334667
"SMP_210114",1485.96875,0.000626072275596697,470,1.09495431322598e-06,0.00843318199706256
"SMP_210114",1489.1210899353,0.000610560600937162,471,-1.54218965458668e-05,-0.118777248274398
"SMP_210114",1492.2773399353,0.000606737500867564,472,-2.02554328478791e-05,-0.156004455685623
"SMP_210114",1495.4335899353,0.000679104996020716,473,5.10975866125596e-05,0.393546326371199
"SMP_210114",1498.58592987061,0.000659151828461018,474,3.01271444830618e-05,0.232034971147718
"SMP_210114",1501.74217987061,0.000628753693577817,475,-1.29361115340271e-06,-0.00996320865473736
"SMP_210114",1504.89842987061,0.000646857485111215,476,1.57834489781711e-05,0.121561873556269
"SMP_210114",1508.05077981949,0.000619735168856976,477,-1.23684567053502e-05,-0.0952600899956274
"SMP_210114",1511.20702981949,0.000601100635188194,478,-3.20380091380718e-05,-0.246752178261115
"SMP_210114",1514.36327981949,0.000614912001456541,479,-1.92658434705631e-05,-0.148382779401543
"SMP_210114",1517.51952981949,0.000586077230523043,480,-4.91440205810216e-05,-0.378500239344334
"SMP_210114",1520.67186999321,0.000681372811968751,481,4.51052257640989e-05,0.347394017533531
"SMP_210114",1523.82811999321,0.00063205966506604,482,-5.25980440230385e-06,-0.0405102635404888
"SMP_210114",1526.98046994209,0.00070250630217899,483,6.41319803858231e-05,0.493935368711657
"SMP_210114",1530.13671994209,0.000679278567847732,484,3.98437908514841e-05,0.306871196035114
"SMP_210114",1533.29296994209,0.00070825673139738,485,6.77571749845496e-05,0.521856100614852
"SMP_210114",1536.4453098774,0.000684264313082162,486,4.26969564692653e-05,0.328845870806356
"SMP_210114",1539.6015598774,0.000628600651677847,487,-1.40401985658252e-05,-0.108135607440696
"SMP_210114",1542.7578098774,0.000652148602286972,488,8.42986301076095e-06,0.0649256029419203
"SMP_210114",1545.91015005112,0.000622516284998638,489,-2.22834189909306e-05,-0.171623715800218
"SMP_210114",1549.06640005112,0.000696566099036746,490,5.06796495117749e-05,0.390327434412266
"SMP_210114",1552.22265005112,0.000718462426497774,491,7.14847648473713e-05,0.55056546624214
"SMP_210114",1555.375,0.000632897140244217,492,-1.51748671648431e-05,-0.11687466320429
"SMP_210114",1558.53125,0.000704897825507091,493,5.5725607167375e-05,0.429190680800853
"SMP_210114",1561.6875,0.000724535365245219,494,7.42583981964815e-05,0.57192759482014
"SMP_210114",1564.8398399353,0.000718215566175798,495,6.68306659816405e-05,0.514720260380176
"SMP_210114",1567.9960899353,0.000774411830100341,496,0.000121913040117811,0.938956852089686
"SMP_210114",1571.1523399353,0.000713345492983726,497,5.97282042461956e-05,0.460018112794025
"SMP_210114",1574.30467987061,0.000706044809285012,498,5.13057833340498e-05,0.395149827834512
"SMP_210114",1577.46092987061,0.000737961335611604,499,8.20945275379557e-05,0.632280345698372
"SMP_210114",1580.61717987061,0.000721997782953299,500,6.49985126020737e-05,0.500609276287243
"SMP_210114",1583.76952981949,0.00080060638599159,501,0.000142471357531529,1.09729408151479
"SMP_210114",1586.92577981949,0.000814200656056731,502,0.000154923739648037,1.1932005530607
"SMP_210114",1590.08202981949,0.000720995573444849,503,6.05720177442935e-05,0.466517044041734
"SMP_210114",1593.23436999321,0.000826060124503439,504,0.000164486583714706,1.2668522145498
"SMP_210114",1596.39061999321,0.000763846566171869,505,0.000101099777602704,0.778656071844883
"SMP_210114",1599.54686999321,0.000799376384808179,506,0.000135417918178783,1.04296949733036
"SMP_210114",1602.69921994209,0.000842361980198558,507,0.000177155658367558,1.36442762111366
"SMP_210114",1605.85546994209,0.000798524427600457,508,0.000132031671325194,1.01688910688999
"SMP_210114",1609.0078098774,0.000777291602407362,509,0.000109477700322995,0.84318163807548
"SMP_210114",1612.1640598774,0.000762297360135194,510,9.31250090214325e-05,0.717235541309525
"SMP_210114",1615.3203098774,0.000806287743979642,511,0.000135721943205648,1.04531105473805
"SMP_210114",1618.47265005112,0.000767237712436005,512,9.52459372372168e-05,0.733570628016218
"SMP_210114",1621.62890005112,0.000819418181163078,513,0.000145965055083156,1.12420204191065
"SMP_210114",1624.78515005112,0.000778372956260387,514,0.00010342553662665,0.796568736230358
"SMP_210114",1627.94140005112,0.000842501166248523,515,0.000166027196657715,1.27871779576948
"SMP_210114",1631.09375,0.000878476388006939,516,0.000200446242830259,1.54380838177136
"SMP_210114",1634.25,0.000869700026913383,517,0.000190080915519875,1.46397610876076
"SMP_210114",1637.40625,0.000876624485879975,518,0.000195386209826664,1.50483672905944
"SMP_210114",1640.5585899353,0.000937431013875475,519,0.000254546121397867,1.96047793270035
"SMP_210114",1643.7148399353,0.000840500337198167,520,0.000155937977268991,1.20101206660283
"SMP_210114",1646.86717987061,0.000871840625164437,521,0.000185574787387372,1.4292705523878
"SMP_210114",1650.02342987061,0.000789753719573996,522,0.000101754853231661,0.783701370935545
"SMP_210114",1653.17967987061,0.000799815776105875,523,0.000110057112402081,0.847644187293475
"SMP_210114",1656.33202981949,0.000829543745957647,524,0.000138001424918055,1.06286729786847
"SMP_210114",1659.48827981949,0.000849276784771231,525,0.000155923218543734,1.20089839700526
"SMP_210114",1662.64452981949,0.000816423820595431,526,0.000121234298344122,0.933729279726727
"SMP_210114",1665.79686999321,0.000899736337302974,527,0.000202689153104069,1.56108295689623
"SMP_210114",1668.95311999321,0.000812291929405864,528,0.000113361454805548,0.8730937613373
"SMP_210114",1672.10936999321,0.000897378275385178,529,0.000196541857505698,1.51373736270604
"SMP_210114",1675.26171994209,0.000824260319922041,530,0.000121498387668458,0.93576325804774
"SMP_210114",1678.41796994209,0.000810841979097747,531,0.000106130882489558,0.81740492432636
"SMP_210114",1681.57421994209,0.000818019437829352,532,0.000111338581949087,0.857513883026948
"SMP_210114",1684.7265598774,0.000810560762649091,533,0.00010189271574734,0.784763168374262
"SMP_210114",1687.8828098774,0.00074172475688167,534,3.10478430699242e-05,0.239126060386477
"SMP_210114",1691.0390598774,0.000758201278070639,535,4.54969603895327e-05,0.350411101763376
"SMP_210114",1694.19140005112,0.000765404960242533,536,5.0657932334991e-05,0.390160171813207
"SMP_210114",1697.34765005112,0.00082186608562215,537,0.000105056659572801,0.809131412588925
"SMP_210114",1700.50390005112,0.000804761041527054,538,8.58727383346877e-05,0.661379586540882
"SMP_210114",1703.65625,0.000798759926232134,539,7.77795509272677e-05,0.599047011091205
"SMP_210114",1706.8125,0.00076446228308269,540,4.13721496836383e-05,0.318642397840238
"SMP_210114",1709.96875,0.000797441250891792,541,7.22269383576273e-05,0.556281580795767
"SMP_210114",1713.1210899353,0.000678834078293915,542,-4.85154914157558e-05,-0.373659397331911
"SMP_210114",1716.2773399353,0.000696217500866318,543,-3.3283015511698e-05,-0.256341039832297
"SMP_210114",1719.42967987061,0.000708580636671262,544,-2.30805021142195e-05,-0.17776273636417
"SMP_210114",1722.58592987061,0.000719077973523824,545,-1.47581377851695e-05,-0.113665072941152
"SMP_210114",1725.74217987061,0.000677976701600618,546,-5.80453736260322e-05,-0.447057191302921
"SMP_210114",1728.89842987061,0.000695947312780659,547,-4.22710314883671e-05,-0.325565457333736
"SMP_210114",1732.05077981949,0.000803312731710832,548,6.28912309243793e-05,0.484379293271134
"SMP_210114",1735.20702981949,0.000742137164009173,549,-4.99146646652988e-07,-0.00384435630199612
"SMP_210114",1738.36327981949,0.000687288525884968,550,-5.75708418046703e-05,-0.443402414875627
"SMP_210114",1741.51561999321,0.000703261197894392,551,-4.38260201364435e-05,-0.337541758184096
"SMP_210114",1744.67186999321,0.000710819888422193,552,-3.85048140715967e-05,-0.296558587793621
"SMP_210114",1747.82811999321,0.000770326783022082,553,1.8758406859058e-05,0.144474574972275
"SMP_210114",1750.98046994209,0.000682443859010147,554,-7.13709114284035e-05,-0.549688583442971
"SMP_210114",1754.13671994209,0.000792836393214683,555,3.67676350309005e-05,0.283179082516811
"SMP_210114",1757.29296994209,0.00066631911751277,556,-9.20077596622439e-05,-0.708630646047384
"SMP_210114",1760.4453098774,0.000672977351923506,557,-8.76082856722808e-05,-0.674746524673048
"SMP_210114",1763.6015598774,0.000741525780512581,558,-2.1324176765142e-05,-0.164235768950171
"SMP_210114",1766.75390005112,0.000689863114448413,559,-7.52504272896345e-05,-0.57956806144773
"SMP_210114",1769.91015005112,0.000669275538624834,560,-9.81057818078697e-05,-0.755596743130164
"SMP_210114",1773.06640005112,0.000679188176585017,561,-9.04616241415076e-05,-0.696722530721479
"SMP_210114",1776.21875,0.000709916029685788,562,-6.19994638482182e-05,-0.477511030402615
"SMP_210114",1779.375,0.00067483381149754,563,-9.9349507972866e-05,-0.765175744717017
"SMP_210114",1782.53125,0.000659830311263998,564,-0.000116619477781691,-0.898186589756298
"SMP_210114",1785.6875,0.000706635842447253,565,-7.20783735431748e-05,-0.555137355777879
"SMP_210114",1788.8398399353,0.000619911935482145,566,-0.000161061178659377,-1.24047023322298
"SMP_210114",1791.9960899353,0.000701580914226124,567,-8.16504874461554e-05,-0.628860412224517
"SMP_210114",1795.1523399353,0.000723583169124335,568,-6.19024194900545e-05,-0.476763608593051
"SMP_210114",1798.30467987061,0.000660500151088376,569,-0.000127232054224646,-0.979923140332099
"SMP_210114",1801.46092987061,0.000689279111849356,570,-0.000100697027625052,-0.775554148942875
"SMP_210114",1804.61327981949,0.000734236979191903,571,-5.79741748502328e-05,-0.44650882848355
"SMP_210114",1807.76952981949,0.000652023381780305,572,-0.000142418711941624,-1.09688861268778
"SMP_210114",1810.92577981949,0.000698957108447852,573,-9.77083947162632e-05,-0.752536124411811
"SMP_210114",1814.07811999321,0.000676448756804036,574,-0.000122429200575499,-0.942932246338371
"SMP_210114",1817.23436999321,0.000637311022445436,575,-0.000163773236545702,-1.2613581163663
"SMP_210114",1820.39061999321,0.000657494935397991,576,-0.000145786037008984,-1.12282327022856
"SMP_210114",1823.54296994209,0.000614217815498611,577,-0.000191246900786551,-1.47295636103339
"SMP_210114",1826.69921994209,0.000653519168283327,578,-0.000154121040185079,-1.18701827624942
"SMP_210114",1829.85546994209,0.000620005809064941,579,-0.000189798245430664,-1.46179902403801
"SMP_210114",1833.0078098774,0.000689480747404081,580,-0.000122472163240847,-0.943263138661079
"SMP_210114",1836.1640598774,0.000638286852399379,581,-0.00017580456970492,-1.35402172887818
"SMP_210114",1839.3203098774,0.000645370504915264,582,-0.000170845724534255,-1.31582941042769
"SMP_210114",1842.47265005112,0.000721662696440973,583,-9.66613448616402e-05,-0.74447189572448
"SMP_210114",1845.62890005112,0.000652889169425868,584,-0.000167530231286228,-1.290293954169
"SMP_210114",1848.78515005112,0.000713833466711227,585,-0.000108665531338045,-0.836926428356025
"SMP_210114",1851.9375,0.000748055681027756,586,-7.65039270986276e-05,-0.589222338247077
"SMP_210114",1855.09375,0.000722871396431628,587,-0.000103734247675064,-0.798946384707864
"SMP_210114",1858.25,0.000727547222844447,588,-0.000101086637209966,-0.778554866413627
"SMP_210114",1861.4023399353,0.000769425718485088,589,-6.1215373253414e-05,-0.47147207644052
"SMP_210114",1864.5585899353,0.00072879617001162,590,-0.000103835463002087,-0.799725930724874
"SMP_210114",1867.7148399353,0.000744299081380005,591,-9.03032149182154e-05,-0.695502485470366
"SMP_210114",1870.86717987061,0.00076105514853477,592,-7.54948439469539e-05,-0.581450523692402
"SMP_210114",1874.02342987061,0.000786048198509399,593,-5.24306692175785e-05,-0.403813538518271
"SMP_210114",1877.17577981949,0.000776099677591519,594,-6.42837869218396e-05,-0.495104561006812
"SMP_210114",1880.33202981949,0.000798144884095562,595,-4.41229258728682e-05,-0.339828483831914
"SMP_210114",1883.48827981949,0.000763409757818674,596,-8.07190899651742e-05,-0.62168692162875
"SMP_210114",1886.64452981949,0.000802329337666854,597,-4.36365540233334e-05,-0.336082517195835
"SMP_210114",1889.79686999321,0.000704360500852404,598,-0.000143415525037933,-1.10456592502555
"SMP_210114",1892.95311999321,0.000736456039032287,599,-0.000113107015985349,-0.871134109823134
"SMP_210114",1896.10936999321,0.000742765009989368,600,-0.000108559022288331,-0.836106110841654
"SMP_210114",1899.26171994209,0.000836173610087163,601,-1.6882535165787e-05,-0.130026878660742
"SMP_210114",1902.41796994209,0.000751365387111393,602,-0.000103397607169581,-0.796353627534319
"SMP_210114",1905.57421994209,0.000826324211840392,603,-3.01175216410895e-05,-0.231960857390914
"SMP_210114",1908.7265598774,0.000761314115070293,604,-9.6775535609353e-05,-0.745351376581545
"SMP_210114",1911.8828098774,0.000793250682420021,605,-6.64594659450908e-05,-0.511861330626005
"SMP_210114",1915.03515005112,0.000706612075559812,606,-0.000154686451618077,-1.19137299448752
"SMP_210114",1918.19140005112,0.00068081441588861,607,-0.000182043625779282,-1.40207404917085
"SMP_210114",1921.34765005112,0.000649126075369198,608,-0.000215259941314345,-1.65790137529348
"SMP_210114",1924.5,0.000623610810682747,609,-0.000242269127203049,-1.86592227391971
"SMP_210114",1927.65625,0.000587804957258595,610,-0.000279537858977394,-2.15296073210596
"SMP_210114",1930.8125,0.000631601905096669,611,-0.000237170192054881,-1.82665100243713
"SMP_210114",1933.9648399353,0.000739406201237059,612,-0.000130759186450713,-1.00708860982323
"SMP_210114",1937.1210899353,0.000665628591588922,613,-0.000205896867083361,-1.58578831259476
"SMP_210114",1940.2773399353,0.000605073043981663,614,-0.000267776830282392,-2.06237896603627
"SMP_210114",1943.42967987061,0.000643149973584441,615,-0.000230986401667126,-1.77902433058268
"SMP_210114",1946.58592987061,0.000635147605975207,616,-0.000240239861570339,-1.8502931593582
"SMP_210114",1949.74217987061,0.000689945658286981,617,-0.000186655188201701,-1.43759164541146
"SMP_210114",1952.89452981949,0.000653427417187263,618,-0.000224346980726877,-1.72788845717874
"SMP_210114",1956.05077981949,0.000608797969706168,619,-0.00027011237036148,-2.08036696271382
"SMP_210114",1959.20702981949,0.000685711363121461,620,-0.000194295147788571,-1.49643352481048
"SMP_210114",1962.35936999321,0.000679559521701096,621,-0.000201501420009103,-1.55193520595101
"SMP_210114",1965.51561999321,0.000598402837120127,622,-0.00028367272539369,-2.18480688367682
"SMP_210114",1968.67186999321,0.000633838959301764,623,-0.000249209394746389,-1.91937522496463
"SMP_210114",1971.82421994209,0.000628162468406316,624,-0.000255815038649908,-1.97025095244776
"SMP_210114",1974.98046994209,0.000725468764905938,625,-0.000159395870143994,-1.22764426448451
"SMP_210114",1978.13671994209,0.000684550417966354,626,-0.000201157457847724,-1.54928605842771
"SMP_210114",1981.2890598774,0.000724470046805104,627,-0.000162035534717473,-1.24797458465446
"SMP_210114",1984.4453098774,0.000684842928941881,628,-0.000202416116571265,-1.55898006845133
"SMP_210114",1987.6015598774,0.000678697694118106,629,-0.000209268870197943,-1.61175899978823
"SMP_210114",1990.75390005112,0.00065241012213788,630,-0.000236216539974846,-1.81930611009261
"SMP_210114",1993.91015005112,0.000658617296546912,631,-0.000230643307344168,-1.77638186702716
"SMP_210114",1997.06640005112,0.000690138412267097,632,-0.000199749155086391,-1.53843951136193
"SMP_210114",2000.21875,0.000722806387696857,633,-0.000167700314835843,-1.29160391341687
"SMP_210114",2003.375,0.000723314738121672,634,-0.000167804714989163,-1.29240798851191
"SMP_210114",2006.53125,0.000766407354193531,635,-0.000125317606140538,-0.965178334158731
"SMP_210114",2009.6835899353,0.000767458427437958,636,-0.000124863971914763,-0.96168450803297
"SMP_210114",2012.8398399353,0.000781998433354081,637,-0.00011091473061087,-0.854249440454592
"SMP_210114",2015.9960899353,0.000809268656853718,638,-8.42277633298895e-05,-0.648710223601701
"SMP_210114",2019.14842987061,0.000764531690968495,639,-0.000129539680248082,-0.997696146933123
"SMP_210114",2022.30467987061,0.000730201791904098,640,-0.000164437563171121,-1.26647466531267
"SMP_210114",2025.46092987061,0.000682229833518441,641,-0.000212969731983171,-1.6402625095729
"SMP_210114",2028.61327981949,0.000737774176509209,642,-0.000157977059976471,-1.21671679087445
"SMP_210114",2031.76952981949,0.000773629784167162,643,-0.000122665860610524,-0.944754968184103
"SMP_210114",2034.92186999321,0.00082100368391377,644,-7.58276712620493e-05,-0.584013912217284
"SMP_210114",2038.07811999321,0.000753038423662765,645,-0.000144321184601802,-1.11154118585355
"SMP_210114",2041.23436999321,0.000836360402228868,646,-6.15192439972836e-05,-0.473812445582577
"SMP_210114",2044.38671994209,0.000836548498743765,647,-6.18422547645696e-05,-0.476300228455917
"SMP_210114",2047.54296994209,0.000788965483254363,648,-0.000109928623237127,-0.846654582065554
"SMP_210114",2050.69921994209,0.000817684504297867,649,-8.1704475010662e-05,-0.629276216748562
"SMP_210114",2053.85546994209,0.000778596108484092,650,-0.000121279175092635,-0.93407491404505
"SMP_210114",2057.0078098774,0.000857407069103135,651,-4.29452754772751e-05,-0.33075838839963
"SMP_210114",2060.1640598774,0.000750262294858059,652,-0.000150558962633361,-1.15958366284278
"SMP_210114",2063.3203098774,0.000817962621119798,653,-8.33187156951199e-05,-0.641708868334717
"SMP_210114",2066.47265005112,0.000840003050398277,654,-6.17288904513019e-05,-0.475427112679112
"SMP_210114",2069.62890005112,0.000849980096049804,655,-5.21940030163909e-05,-0.401990769181633
"SMP_210114",2072.78125,0.000872332643140891,656,-3.02739860522074e-05,-0.233165923975961
"SMP_210114",2075.9375,0.000916826393960179,657,1.37958807790208e-05,0.106253906682633
"SMP_210114",2079.09375,0.000872252698382008,658,-3.11924235047832e-05,-0.240239598280846
"SMP_210114",2082.2460899353,0.000943792030594129,659,3.99421598682834e-05,0.307628820176614
"SMP_210114",2085.4023399353,0.000977151675276173,660,7.29059997935337e-05,0.561511615151551
"SMP_210114",2088.5585899353,0.000924579071549247,661,1.99471316309164e-05,0.153629963671521
"SMP_210114",2091.71092987061,0.000917647878454581,662,1.26397633997056e-05,0.0973496554714504
"SMP_210114",2094.86717987061,0.000840543119350927,663,-6.48319264417905e-05,-0.499326253433329
"SMP_210114",2098.02342987061,0.00097148699773214,664,6.57548265613565e-05,0.506434298563067
"SMP_210114",2101.17577981949,0.000990584393831654,665,8.45054139440288e-05,0.650848649043155
"SMP_210114",2104.33202981949,0.000996040861900519,666,8.96246201134958e-05,0.690276045041449
"SMP_210114",2107.48827981949,0.00101368189350891,667,0.00010693846022122,0.823624772867638
"SMP_210114",2110.64061999321,0.00103191690261821,668,0.000124856823016991,0.961629448241651
"SMP_210114",2113.79686999321,0.000989765161552899,669,8.23982836482208e-05,0.634619831948751
"SMP_210114",2116.95311999321,0.00106807762381269,670,0.000160414283041961,1.23548793541487
"SMP_210114",2120.10546994209,0.00102625859118525,671,0.000118309558347025,0.911203349291383
"SMP_210114",2123.26171994209,0.000916256158898832,672,8.03158617349909e-06,0.0618581315293934
"SMP_210114",2126.41796994209,0.000938046996213276,673,2.95574840772052e-05,0.227647527926498
"SMP_210114",2129.5703098774,0.000946722764927531,674,3.79793105645458e-05,0.292511234710918
"SMP_210114",2132.7265598774,0.000905290501040382,675,-3.69644003831815e-06,-0.0284694541204409
"SMP_210114",2135.8828098774,0.00100868687651425,676,9.94673142348797e-05,0.766083071749711
"SMP_210114",2139.03515005112,0.000950347780544979,677,4.09068187419505e-05,0.315058485276291
"SMP_210114",2142.19140005112,0.00101281424972248,678,0.000103162649163649,0.794544014473977
"SMP_210114",2145.34375,0.000980361138468234,679,7.05102693269504e-05,0.543060040691717
"SMP_210114",2148.5,0.000947997377962266,680,3.79582056380177e-05,0.292348687576032
"SMP_210114",2151.65625,0.000926771251516805,681,1.65550832195455e-05,0.12750489046033
"SMP_210114",2154.8125,0.000973236617993683,682,6.28548493160883e-05,0.484099087311527
"SMP_210114",2157.9648399353,0.000917120835894499,683,6.58513459538175e-06,0.0507177677161642
"SMP_210114",2161.1210899353,0.00087177997440678,684,-3.88982853300443e-05,-0.299589047323322
"SMP_210114",2164.2773399353,0.00104106656560919,685,0.000130257408066008,1.00322398425
"SMP_210114",2167.42967987061,0.000959044221831032,686,4.81160557960022e-05,0.370583001141857
"SMP_210114",2170.58592987061,0.000936591612008835,687,2.5556119859086e-05,0.196829591250661
"SMP_210114",2173.74217987061,0.000952754375914432,688,4.16234833199868e-05,0.320578133671138
"SMP_210114",2176.89452981949,0.00100533418803296,689,9.41200046339739e-05,0.724898855646467
"SMP_210114",2180.05077981949,0.00102086229266558,690,0.000109576810301077,0.843944968995131
"SMP_210114",2183.20311999321,0.00103871819986976,691,0.000127373674891749,0.981013882517222
"SMP_210114",2186.35936999321,0.000946989975974308,692,3.55986065659792e-05,0.274175391965209
"SMP_210114",2189.51561999321,0.00101962237156261,693,0.0001081965250889,0.833314209098084
"SMP_210114",2192.66796994209,0.000922133841895595,694,1.06859935926676e-05,0.08230199899474
"SMP_210114",2195.82421994209,0.000869843911139085,695,-4.16134299059922e-05,-0.320500703710012
"SMP_210114",2198.98046994209,0.001004938687359,696,9.34844859756669e-05,0.720004181555233
"SMP_210114",2202.1328098774,0.000965489155119462,697,5.40507866299174e-05,0.416291451824636
"SMP_210114",2205.2890598774,0.000973371350574034,698,6.19616357790913e-05,0.477219684007893
"SMP_210114",2208.4453098774,0.00093643601914133,699,2.50678554835559e-05,0.193069048649211
"SMP_210114",2211.59765005112,0.000998363564129617,700,8.70498618066615e-05,0.67044562368258
"SMP_210114",2214.75390005112,0.00104336793811413,701,0.000132121830711207,1.01758350162574
"SMP_210114",2217.91015005112,0.0010391327146943,702,0.000127967364692647,0.985586396712836
"SMP_210114",2221.0625,0.000930712772915958,703,1.96413068043248e-05,0.151274544462961
"SMP_210114",2224.21875,0.00102326954520187,704,0.000112305410064871,0.864960255320108
"SMP_210114",2227.375,0.000898338701880353,705,-1.25046747618175e-05,-0.0963092220439685
"SMP_210114",2230.5273399353,0.000922665052366402,706,1.19557753804899e-05,0.0920816772734723
"SMP_210114",2233.6835899353,0.000919469071448375,707,8.90765623775831e-06,0.0686054982503933
"SMP_210114",2236.8398399353,0.000922431453250964,708,1.20315923745206e-05,0.092665608951176
"SMP_210114",2239.99217987061,0.000929599055231932,709,1.93743038582501e-05,0.149218125842749
"SMP_210114",2243.14842987061,0.000972822188306448,710,6.27866242964123e-05,0.483573627937806
"SMP_210114",2246.30467987061,0.000999620079115409,711,8.9787660066571e-05,0.69153175551308
"SMP_210114",2249.45702981949,0.00101003283810481,712,0.000100417332919699,0.773399980202346
"SMP_210114",2252.61327981949,0.001107870826677,713,0.000198486629276548,1.528715717591
"SMP_210114",2255.76952981949,0.0010714866545219,714,0.000162347987542622,1.25038105176286
"SMP_210114",2258.92186999321,0.00101079273498053,715,0.000101913578671903,0.784923851644521
"SMP_210114",2262.07811999321,0.000975760414106111,716,6.71554807477932e-05,0.517221937395566
"SMP_210114",2265.23436999321,0.000966830889257713,717,5.8514666524896e-05,0.450671618296124
"SMP_210114",2268.38671994209,0.00097767973508184,718,6.96664152425489e-05,0.536560796854085
"SMP_210114",2271.54296994209,0.00106344702090532,719,0.00015575163401527,1.19957687743231
"SMP_210114",2274.69921994209,0.00107560011554745,720,0.00016823741432078,1.29574057706784
"SMP_210114",2277.8515598774,0.00100385888774315,721,9.68432735314699e-05,0.745873084399319
"SMP_210114",2281.0078098774,0.001015115575487,722,0.000108462398965353,0.835361931785059
"SMP_210114",2284.1640598774,0.00109075510282878,723,0.00018447938174998,1.42083389435636
"SMP_210114",2287.31640005112,0.00104314352997486,724,0.000137259874804852,1.05715598463006
"SMP_210114",2290.47265005112,0.00114924038516937,725,0.000243764467219013,1.87743916951051
"SMP_210114",2293.62890005112,0.00109001290163215,726,0.000184960003692944,1.42453557603188
"SMP_210114",2296.78125,0.00102089028267319,727,0.000116275224695637,0.895535201572632
"SMP_210114",2299.9375,0.00102172150612789,728,0.000117560279735361,0.905432512259787
"SMP_210114",2303.0898399353,0.00096437114322713,729,6.06787051125761e-05,0.467338734940292
"SMP_210114",2306.2460899353,0.00108754902160325,730,0.000184341579692012,1.41977256255432
"SMP_210114",2309.4023399353,0.00106646516651318,731,0.000163758445291672,1.26124419623677
"SMP_210114",2312.55467987061,0.00104959511482081,732,0.000147404277440609,1.1352867272971
"SMP_210114",2315.71092987061,0.00105404268334938,733,0.000152384261026207,1.1736418508054
"SMP_210114",2318.86717987061,0.00115152210601368,734,0.000250412088272616,1.9286381990183
"SMP_210114",2322.02342987061,0.00110065456729556,735,0.000200109032044403,1.5412112323797
"SMP_210114",2325.17577981949,0.00111757619139614,736,0.000217610577429078,1.67600563948511
"SMP_210114",2328.33202981949,0.00114598195713172,737,0.000246613226478543,1.89937990713877
"SMP_210114",2331.48827981949,0.00107659949284144,738,0.000177843988448908,1.36972904125508
"SMP_210114",2334.64061999321,0.00115115997047765,739,0.000253033333481557,1.94882665586888
"SMP_210114",2337.79686999321,0.00110333096723908,740,0.000205850487026726,1.58543110001164
"SMP_210114",2340.94921994209,0.00109003281213688,741,0.00019321426745738,1.48810873861632
"SMP_210114",2344.10546994209,0.0011760498685711,742,0.000279910764343362,2.15583279606415
"SMP_210114",2347.26171994209,0.00115197145265491,743,0.000256528573520598,1.97574649628287
"SMP_210114",2350.4140598774,0.00115024641833895,744,0.000255515743438519,1.96794582340447
"SMP_210114",2353.5703098774,0.00105658716772401,745,0.000162586531281495,1.25221828162705
"SMP_210114",2356.7265598774,0.00113768322063771,746,0.000244429672333445,1.88256248445399
"SMP_210114",2359.87890005112,0.00115165282969099,747,0.000259162550259382,1.99603300956099
"SMP_210114",2363.03515005112,0.00118392384481386,748,0.000292214996635307,2.25059823878513
"SMP_210114",2366.19140005112,0.00108769622453575,749,0.000196786122329276,1.51561865554888
"SMP_210114",2369.34375,0.00111210975739241,750,0.000222014785001981,1.70992621824032
"SMP_210114",2372.5,0.00110856918710884,751,0.000219307833608636,1.68907766457781
"SMP_210114",2375.65625,0.00117993192862715,752,0.000291521773775159,2.24525913515903
"SMP_210114",2378.8085899353,0.00127952966845575,753,0.000391987293045543,3.01903023976373
"SMP_210114",2381.9648399353,0.00124676697180441,754,0.000360111197654494,2.77352509809582
"SMP_210114",2385.1210899353,0.00114023684250276,755,0.000254485514409788,1.96001114631978
"SMP_210114",2388.27342987061,0.0012729026653972,756,0.000388072562736511,2.98887954510305
"SMP_210114",2391.42967987061,0.00125375336292358,757,0.00036985945235652,2.84860476586177
"SMP_210114",2394.58592987061,0.00117872820074632,758,0.000295780193372725,2.27805687571529
"SMP_210114",2397.73827981949,0.00118833292753219,759,0.00030633939678669,2.35938235483196
"SMP_210114",2400.89452981949,0.00119372155936003,760,0.000312693489614342,2.40832067179602
"SMP_210114",2404.05077981949,0.00121531781065219,761,0.000335265060703653,2.58216369397197
"SMP_210114",2407.20311999321,0.00118284040492732,762,0.000303771656218805,2.33960598309786
"SMP_210114",2410.35936999321,0.00123789626810886,763,0.000359822692185411,2.77130307010932
"SMP_210114",2413.51171994209,0.00126996266358928,764,0.000392893018691067,3.02600600954321
"SMP_210114",2416.66796994209,0.00120026208541721,765,0.000324207663090333,2.49700119416659
"SMP_210114",2419.82421994209,0.00125084642688856,766,0.000375817332072422,2.89449150593295
"SMP_210114",2422.98046994209,0.00127357632910464,767,0.000399582715991415,3.07752910430402
"SMP_210114",2426.1328098774,0.0011556871018954,768,0.000282737872168789,2.17760677743412
"SMP_210114",2429.2890598774,0.00114595010209516,769,0.000274056797482328,2.11074637798482
"SMP_210114",2432.4453098774,0.00122788361398292,770,0.000357056536373377,2.7499985324557
"SMP_210114",2435.59765005112,0.00118243671936421,771,0.000312684879858092,2.408254360681
"SMP_210114",2438.75390005112,0.00113989561778338,772,0.000271230743903902,2.08898051627494
"SMP_210114",2441.91015005112,0.00122162461298221,773,0.00035405715431623,2.72689771951664
"SMP_210114",2445.0625,0.00123954386117349,774,0.000373082941057103,2.87343161621446
"SMP_210114",2448.21875,0.00123479756562147,775,0.000369455094586398,2.8454904599714
"SMP_210114",2451.375,0.00118497691943988,776,0.00032076349477046,2.4704747008516
"SMP_210114",2454.5273399353,0.00115747153311952,777,0.000294396382857651,2.26739896443798
"SMP_210114",2457.6835899353,0.00117309091657184,778,0.000311166141721908,2.39655725610448
"SMP_210114",2460.83592987061,0.00123809865196253,779,0.000377333552405011,2.90616921874518
"SMP_210114",2463.99217987061,0.00119344044891856,780,0.000333847250586404,2.57124392260653
"SMP_210114",2467.14842987061,0.00109401630504513,781,0.000235605851364574,1.81460267349096
"SMP_210114",2470.30077981949,0.00116259108648579,782,0.000305372788464484,2.3519376753576
"SMP_210114",2473.45702981949,0.00110618353457252,783,0.000250169802262733,1.92677214671639
"SMP_210114",2476.61327981949,0.00120880588345938,784,0.000354007707984838,2.72651689092254
"SMP_210114",2479.76952981949,0.00113355673735175,785,0.000279985159088957,2.15640577378719
"SMP_210114",2482.92186999321,0.00113145625952449,786,0.000279120828029232,2.14974881920532
"SMP_210114",2486.07811999321,0.00122739053645165,787,0.000376303916850681,2.89823911251569
"SMP_210114",2489.23436999321,0.00117696189232642,788,0.000327135272693593,2.51954922589943
"SMP_210114",2492.38671994209,0.00122446449017095,789,0.000375907530061694,2.89518619798549
"SMP_210114",2495.54296994209,0.00111605654381008,790,0.000268782093598236,2.07012136076003
"SMP_210114",2498.6953098774,0.00114927367546865,791,0.000303291461034498,2.33590758825667
"SMP_210114",2501.8515598774,0.00108109796977784,792,0.000236420971901962,1.82088061564646
"SMP_210114",2505.0078098774,0.00118843807730179,793,0.000345077730200085,2.6577394752999
"SMP_210114",2508.16015005112,0.00133125387276065,794,0.00048922000754231,3.76790274294957
"SMP_210114",2511.31640005112,0.00126268416151531,795,0.000421989948944566,3.25010641758732
"SMP_210114",2514.47265005112,0.0011806746823103,796,0.000341331704300377,2.6288881179452
"SMP_210114",2517.625,0.00125914589558956,797,0.000421164092070695,3.24374578569907
"SMP_210114",2520.78125,0.00125123930034646,798,0.000414632028509812,3.19343676352352
"SMP_210114",2523.9375,0.00117779349485786,799,0.000342572484314161,2.63844442869549
"SMP_210114",2527.0898399353,0.00119325848302583,800,0.000359433773393891,2.76830767303078
"SMP_210114",2530.2460899353,0.00120859572403089,801,0.000376180867988173,2.89729140772151
"SMP_210114",2533.4023399353,0.00112988307127788,802,0.000298889946132438,2.30200774806837
"SMP_210114",2536.55467987061,0.00110485873244947,803,0.000275297481302218,2.12030194786346
"SMP_210114",2539.71092987061,0.00115270795352988,804,0.000324592320787887,2.49996377290696
"SMP_210114",2542.86717987061,0.00123416424305255,805,0.000407506253721201,3.13855506212595
"SMP_210114",2546.01952981949,0.00111588954729204,806,0.00029069945208766,2.23892573077216
"SMP_210114",2549.17577981949,0.0010948683877961,807,0.000271160118760577,2.08843657149109
"SMP_210114",2552.33202981949,0.00115618233091132,808,0.000333968060747544,2.57217438524198
"SMP_210114",2555.48436999321,0.00103818649617807,809,0.000217476573419418,1.67497355970959
"SMP_210114",2558.64061999321,0.000997543084796925,810,0.000178351638842626,1.37363889220447
"SMP_210114",2561.79686999321,0.000970226159168827,811,0.00015256551041911,1.1750378077862
"SMP_210114",2564.94921994209,0.000885011252142323,812,6.88918557678592e-05,0.530595250220123
"SMP_210114",2568.10546994209,0.000802770854069649,813,-1.17929719173671e-05,-0.0908277882137346
"SMP_210114",2571.2578098774,0.000696338193275344,814,-0.000116659544497025,-0.898495177884916
"SMP_210114",2574.4140598774,0.000673119970539772,815,-0.0001382972269343,-1.06514552282083
"SMP_210114",2577.5703098774,0.000670804581666623,816,-0.000139019508966883,-1.07070843604964
"SMP_210114",2580.72265005112,0.000661394665861737,817,-0.000146825699060621,-1.13083059911068
"SMP_210114",2583.87890005112,0.000634564272091956,818,-0.00017203772086633,-1.32500999621725
"SMP_210114",2587.03515005112,0.000572041064276816,819,-0.000232929842477789,-1.79399243460207
"SMP_210114",2590.19140005112,0.000578879295838244,820,-0.000224447761220289,-1.72866465416927
"SMP_210114",2593.34375,0.000560362533196406,821,-0.000241309916418558,-1.85853456922606
"SMP_210114",2596.5,0.000547367537650975,822,-0.000252635403448226,-1.94576185549079
"SMP_210114",2599.65625,0.000530553449999576,823,-0.000267767071393979,-2.06230380446918
"SMP_210114",2602.8085899353,0.000488075156015165,824,-0.000308552093560164,-2.37642422988521
"SMP_210114",2605.9648399353,0.000451857954810391,825,-0.000343060921068474,-2.64220629893375
"SMP_210114",2609.11717987061,0.000483262474752416,826,-0.000309937109208351,-2.38709142292593
"SMP_210114",2612.27342987061,0.000488759174290132,827,-0.000302705885216207,-2.33139756679817
"SMP_210114",2615.42967987061,0.000508183750793092,828,-0.000281533626927048,-2.16833185228881
"SMP_210114",2618.58202981949,0.000475961725878346,829,-0.000311996947499531,-2.40295600374379
"SMP_210114",2621.73827981949,0.000507316056078235,830,-0.000278868489501645,-2.14780534384538
"SMP_210114",2624.89452981949,0.000535574778692841,831,-0.00024882233405978,-1.91639413874518
"SMP_210114",2628.04686999321,0.000545622974031938,832,-0.000236975590630135,-1.82515221001087
"SMP_210114",2631.20311999321,0.000491495189610574,833,-0.00028928920104155,-2.22806417829483
"SMP_210114",2634.35936999321,0.000440472707261671,834,-0.000338484056653902,-2.60695594180218
"SMP_210114",2637.51171994209,0.00046982997487941,835,-0.000307287943680761,-2.3666879277621
"SMP_210114",2640.66796994209,0.000514216271402191,836,-0.000261046983984977,-2.01054664942467
"SMP_210114",2643.82421994209,0.000473784092471591,837,-0.000299610899318479,-2.30756042671057
"SMP_210114",2646.9765598774,0.00045830669508275,838,-0.000313208723273096,-2.41228892797146
"SMP_210114",2650.1328098774,0.000458342383013148,839,-0.000311277440140208,-2.39741446065281
"SMP_210114",2653.2890598774,0.000452080615493759,840,-0.000315629864335676,-2.43093621121851
"SMP_210114",2656.44140005112,0.000468904331876939,841,-0.000296885398113568,-2.2865690050443
"SMP_210114",2659.59765005112,0.000508457398742709,842,-0.000255395361105738,-1.96701865584204
"SMP_210114",2662.75390005112,0.000486072888252066,843,-0.000275829005635553,-2.12439567249172
"SMP_210114",2665.90625,0.000502552859023724,844,-0.000257386660294728,-1.98235535826743
"SMP_210114",2669.0625,0.000494220227759234,845,-0.000263740503525115,-2.03129175286895
"SMP_210114",2672.21875,0.000478483683713232,846,-0.000277484216020752,-2.13714386687135
"SMP_210114",2675.3710899353,0.000464480104060358,847,-0.000289483366335824,-2.22955961170638
"SMP_210114",2678.5273399353,0.000480972259404789,848,-0.000270970162200219,-2.08697355314806
"SMP_210114",2681.6835899353,0.000452307160968885,849,-0.000297600020631353,-2.29207292578226
"SMP_210114",2684.83592987061,0.000487029767961142,850,-0.000260830480960857,-2.00887917400286
"SMP_210114",2687.99217987061,0.0004732674792867,851,-0.00027252901717802,-2.09897963191868
"SMP_210114",2691.14842987061,0.000444948429071729,852,-0.000298769976024781,-2.30108375540505
"SMP_210114",2694.30077981949,0.000497629756647229,853,-0.000243998763408813,-1.87924368535737
"SMP_210114",2697.45702981949,0.000499196189107612,854,-0.00024032543187013,-1.8509522096062
"SMP_210114",2700.61327981949,0.000503797672336874,855,-0.000233602562954143,-1.7991736317915
"SMP_210114",2703.76561999321,0.00049882089856286,856,-0.000236446070079999,-1.82107391823509
"SMP_210114",2706.92186999321,0.000485404068200694,857,-0.000247712411878118,-1.90784567635961
"SMP_210114",2710.07811999321,0.000511134737657059,858,-0.000219816619551943,-1.69299626136823
"SMP_210114",2713.23046994209,0.00050319210267607,859,-0.000225582150684643,-1.73740156007748
"SMP_210114",2716.38671994209,0.000506625029147392,860,-0.000219954703208766,-1.6940597620045
"SMP_210114",2719.54296994209,0.000504603589896892,861,-0.000219766839451455,-1.69261286213213
"SMP_210114",2722.6953098774,0.0004832831663623,862,-0.000238865893247374,-1.83971105124118
"SMP_210114",2725.8515598774,0.000536445634395153,863,-0.000183464428906775,-1.41301687227444
"SMP_210114",2729.00390005112,0.000546764503266317,864,-0.000170894435349513,-1.3162045741814
"SMP_210114",2732.16015005112,0.000564778335844821,865,-0.000150611716395047,-1.15998996479341
"SMP_210114",2735.31640005112,0.000556433910644104,866,-0.000156672227074653,-1.20666715391347
"SMP_210114",2738.46875,0.000519980190476736,867,-0.000190829805418791,-1.4697439519822
"SMP_210114",2741.625,0.000501786258154363,868,-0.000206709637893194,-1.59204815748366
"SMP_210114",2744.78125,0.000530368050870315,869,-0.000175798569486635,-1.35397551605249
"SMP_210114",2747.9375,0.000533836285565809,870,-0.00016998583400511,-1.30920665617919
"SMP_210114",2751.0898399353,0.00054058449876285,871,-0.000160880778509438,-1.2390808169904
"SMP_210114",2754.2460899353,0.000509122013144874,872,-0.000189968184406031,-1.46310786979564
"SMP_210114",2757.4023399353,0.000519444257874171,873,-0.000177255487162594,-1.36519648825899
"SMP_210114",2760.55467987061,0.000577867191047361,874,-0.000116429669466152,-0.896724713173722
"SMP_210114",2763.71092987061,0.000588672001058452,875,-0.000103203532793868,-0.794858894364554
"SMP_210114",2766.86327981949,0.000627073208281465,876,-6.2368499130959e-05,-0.480353287531611
"SMP_210114",2770.01952981949,0.000551299599817414,877,-0.000135689709970144,-1.04506279895415
"SMP_210114",2773.17577981949,0.000576680187561888,878,-0.000107841105666001,-0.830576819380176
"SMP_210114",2776.32811999321,0.000541036925179146,879,-0.000141003769695777,-1.08599092925895
"SMP_210114",2779.48436999321,0.000560147795214819,880,-0.000119393516973035,-0.919551844073321
"SMP_210114",2782.64061999321,0.000540631724367301,881,-0.000136394438501345,-1.05049051761817
"SMP_210114",2785.79296994209,0.000583758887405255,882,-9.07394474508155e-05,-0.698862286236498
"SMP_210114",2788.94921994209,0.000578050773576425,883,-9.39013512056379e-05,-0.72321481811799
"SMP_210114",2792.10546994209,0.000530491105269958,884,-0.000138900140664628,-1.06978907840573
"SMP_210114",2795.2578098774,0.000593911996889566,885,-7.29069183125548e-05,-0.561518689454084
"SMP_210114",2798.4140598774,0.000580844163277888,886,-8.33846051913935e-05,-0.642216339840201
"SMP_210114",2801.5703098774,0.000591036693438453,887,-7.05873110458567e-05,-0.543653405025786
"SMP_210114",2804.72265005112,0.000577337047532742,888,-8.16708466751669e-05,-0.629017216103454
"SMP_210114",2807.87890005112,0.000593519221415566,889,-6.28547438997529e-05,-0.484098275409943
"SMP_210114",2811.03515005112,0.000585136152041961,890,-6.85893186499732e-05,-0.528265152475239
"SMP_210114",2814.1875,0.000573153392038833,891,-7.79123350654443e-05,-0.600069695590495
"SMP_210114",2817.34375,0.000630854195007556,892,-1.75339754995926e-05,-0.135044179226484
"SMP_210114",2820.5,0.000601228117232048,893,-4.44679824685673e-05,-0.3424860605323
"SMP_210114",2823.6523399353,0.000548526393610306,894,-9.44665002006075e-05,-0.727567515095816
"SMP_210114",2826.8085899353,0.000606134901877165,895,-3.41369621785011e-05,-0.262918015300541
"SMP_210114",2829.9648399353,0.000571099998037247,896,-6.64363735751048e-05,-0.511683476484984
"SMP_210114",2833.11717987061,0.000606156856375816,897,-2.8632992927808e-05,-0.220527228911857
"SMP_210114",2836.27342987061,0.000563299149601697,898,-6.87263512887433e-05,-0.529320558320329
"SMP_210114",2839.42577981949,0.000612406181925287,899,-1.684400187222e-05,-0.129730100727935
"SMP_210114",2842.58202981949,0.000609525993832658,900,-1.6931054174542e-05,-0.13040056514812
"SMP_210114",2845.73827981949,0.000567381146205221,901,-5.62683891854565e-05,-0.433371110511868
"SMP_210114",2848.89452981949,0.000544098724789139,902,-7.67289383396744e-05,-0.590955342742527
"SMP_210114",2852.04686999321,0.000595495753451809,903,-2.24992171963949e-05,-0.173285762809246
"SMP_210114",2855.20311999321,0.00057147502025455,904,-4.3669428118641e-05,-0.336335708790561
"SMP_210114",2858.35936999321,0.00055881623881518,905,-5.3463379158994e-05,-0.411767323238726
"SMP_210114",2861.51171994209,0.000549116563733809,906,-6.02874993240027e-05,-0.464325723736543
"SMP_210114",2864.66796994209,0.000539811834773488,907,-6.66988508068292e-05,-0.513705038698567
"SMP_210114",2867.82421994209,0.000593588378573862,908,-1.00146729263473e-05,-0.077131582942595
"SMP_210114",2870.9765598774,0.000561372428577051,909,-3.93123779349262e-05,-0.302778329522976
"SMP_210114",2874.1328098774,0.00058746726810274,910,-1.0281460274865e-05,-0.0791863410611645
"SMP_210114",2877.28515005112,0.000546829319710271,911,-4.79727889155417e-05,-0.369479580056172
"SMP_210114",2880.44140005112,0.000553979663778467,912,-3.78579912960215e-05,-0.291576851002978
"SMP_210114",2883.59765005112,0.000573931900873078,913,-1.4927129909272e-05,-0.114966626185349
"SMP_210114",2886.75,0.000550397214265023,914,-3.54727454470378e-05,-0.273206027572955
"SMP_210114",2889.90625,0.000555322593901019,915,-2.75404690370491e-05,-0.212112765682095
"SMP_210114",2893.0625,0.000623108481280997,916,4.3266434336345e-05,0.333231908139944
"SMP_210114",2896.2148399353,0.00053195607389159,917,-4.48546237407206e-05,-0.345463916481411
"SMP_210114",2899.3710899353,0.000583050627785484,918,9.28911560466701e-06,0.0715434439041691
"SMP_210114",2902.5273399353,0.000535779296664359,919,-3.49189623668766e-05,-0.268940869250382
"SMP_210114",2905.67967987061,0.000525532265336677,920,-4.20925109764352e-05,-0.324190517805076
"SMP_210114",2908.83592987061,0.000517563948011569,921,-4.69695086727309e-05,-0.361752458678155
"SMP_210114",2911.99217987061,0.000513073081950179,922,-4.8355038928557e-05,-0.372423615153528
"SMP_210114",2915.14452981949,0.000547850950306636,923,-1.04616988383999e-05,-0.0805745127783031
"SMP_210114",2918.30077981949,0.000527297763826798,924,-2.7881585967957e-05,-0.214739999645995
"SMP_210114",2921.45702981949,0.000530637018913396,925,-2.13950668757163e-05,-0.164781754473991
"SMP_210114",2924.60936999321,0.000465930592816962,926,-8.29442060853513e-05,-0.638824448719507
"SMP_210114",2927.76561999321,0.00054038824319715,927,-5.31143117703757e-06,-0.0409078855983152
"SMP_210114",2930.92186999321,0.000502217217092895,928,-4.02934196191448e-05,-0.310334172693588
"SMP_210114",2934.07421994209,0.00048166099582165,929,-5.76506735789382e-05,-0.444017267818273
"SMP_210114",2937.23046994209,0.000479359115979895,930,-5.6735758171957e-05,-0.436970719806368
"SMP_210114",2940.38671994209,0.000461012740562869,931,-7.1851476727614e-05,-0.553389828856376
"SMP_210114",2943.5390598774,0.000502245707612953,932,-2.73780363354121e-05,-0.210861732174457
"SMP_210114",2946.6953098774,0.000491104714234572,933,-3.52607182887961e-05,-0.271573024631943
"SMP_210114",2949.8515598774,0.000482227652822222,934,-4.0865658184853e-05,-0.31474147253438
"SMP_210114",2953.00390005112,0.000489357262767874,935,-3.04542127868272e-05,-0.234554004588481
"SMP_210114",2956.16015005112,0.000470692923480991,936,-4.58188789715949e-05,-0.352890472781852
"SMP_210114",2959.31640005112,0.000473446114150774,937,-3.97522566297368e-05,-0.306166212510568
"SMP_210114",2962.46875,0.000465264463876053,938,-4.46108535694521e-05,-0.343586433380125
"SMP_210114",2965.625,0.000434987921533833,939,-7.154651559015e-05,-0.551041061658329
"SMP_210114",2968.78125,0.000494336675341075,940,-8.8431744128157e-06,-0.0681088684287877
"SMP_210114",2971.9335899353,0.000505434838268252,941,5.61908455910223e-06,0.0432773880804043
"SMP_210114",2975.0898399353,0.000453401340916048,942,-4.30324797960318e-05,-0.331430023628719
"SMP_210114",2978.2460899353,0.000431892785071507,943,-6.11454471162692e-05,-0.470933515302608
"SMP_210114",2981.39842987061,0.000470089592550316,944,-1.9543644657691e-05,-0.150522364534686
"SMP_210114",2984.55467987061,0.000454845762584027,945,-3.13646434515429e-05,-0.241566011754912
"SMP_210114",2987.71092987061,0.000469001852108424,946,-1.37721187488126e-05,-0.106070894914064
"SMP_210114",2990.86327981949,0.000441740323665859,947,-3.75878966182955e-05,-0.289496620306421
"SMP_210114",2994.01952981949,0.000482076352563904,948,6.21170717039445e-06,0.0478416829338374
"SMP_210114",2997.17186999321,0.000423174215010737,949,-4.92176186995831e-05,-0.379067081559551
"SMP_210114",3000.32811999321,0.00042559601699398,950,-4.33051707938784e-05,-0.333530250812652
"SMP_210114",3003.48436999321,0.000421377130080171,951,-4.40198936411839e-05,-0.33903494427427
"SMP_210114",3006.63671994209,0.000447710594183114,952,-1.41731194696238e-05,-0.109159345289305
"SMP_210114",3009.79296994209,0.000425636189353524,953,-3.27163921380121e-05,-0.251976987399822
"SMP_210114",3012.94921994209,0.000431732614170872,954,-2.307536853681e-05,-0.17772319828293
"SMP_210114",3016.10546994209,0.000404669290156725,955,-4.65806443253255e-05,-0.358757480920428
"SMP_210114",3019.2578098774,0.000449404921585551,956,1.72203482160551e-06,0.0132628666607036
"SMP_210114",3022.4140598774,0.000459172628577704,957,1.50746207719199e-05,0.116102579779567
"SMP_210114",3025.5703098774,0.000427933931793719,958,-1.25657991334623e-05,-0.096779993238995
"SMP_210114",3028.72265005112,0.000446959052302392,959,1.00664967574072e-05,0.0775307227001484
"SMP_210114",3031.87890005112,0.000396043160572054,960,-3.72243903396356e-05,-0.286696946778507
"SMP_210114",3035.03125,0.000468073225413691,961,3.8439521541884e-05,0.296055714039471
"SMP_210114",3038.1875,0.000428588621299615,962,2.60658121866249e-06,0.0200755168883191
"SMP_210114",3041.34375,0.000419791571818958,963,-2.52549241255292e-06,-0.0194509824656619
"SMP_210114",3044.4960899353,0.000377741131488893,964,-4.09022269941197e-05,-0.31502312028921
"SMP_210114",3047.6523399353,0.000401195327969587,965,-1.37564985276407e-05,-0.105950590197799
"SMP_210114",3050.8085899353,0.000386114177964113,966,-2.51328560100778e-05,-0.193569673436422
"SMP_210114",3053.96092987061,0.000383861634811792,967,-2.36719774921161e-05,-0.182318195389567
"SMP_210114",3057.11717987061,0.000392572260350429,968,-1.12301062729448e-05,-0.0864926772762546
"SMP_210114",3060.27342987061,0.000345353859390214,969,-5.47040525367111e-05,-0.421322812693233
"SMP_210114",3063.42577981949,0.000402668839352474,970,6.36392265125109e-06,0.0490140248638422
"SMP_210114",3066.58202981949,0.00037576879633509,971,-1.67653154492612e-05,-0.129124069117764
"SMP_210114",3069.73827981949,0.000378539313986789,972,-1.0210835386166e-05,-0.078642398238412
"SMP_210114",3072.89061999321,0.000379649174061394,973,-5.30858439515476e-06,-0.0408859600901604
"SMP_210114",3076.04686999321,0.000423074280961875,974,4.192673211741e-05,0.322913712670344
"SMP_210114",3079.20311999321,0.000407247848839599,975,2.9923615580405e-05,0.230467420559502
"SMP_210114",3082.35546994209,0.000380952480962619,976,7.45990352090487e-06,0.0574551132521408
"SMP_210114",3085.51171994209,0.000362187009055512,977,-7.45610853863932e-06,-0.0574258848398368
"SMP_210114",3088.66796994209,0.000378604533433617,978,1.28239301388265e-05,0.0987680814368556
"SMP_210114",3091.8203098774,0.000361932443264982,979,2.25823232989772e-08,0.000173925834161701
"SMP_210114",3094.9765598774,0.000386798950518067,980,2.87776451176378e-05,0.22164131945278
"SMP_210114",3098.1328098774,0.000384543802544685,981,3.04240556159698e-05,0.23432173835848
"SMP_210114",3101.28515005112,0.000374094479689343,982,2.3884419787447e-05,0.183954395657249
"SMP_210114",3104.44140005112,0.000387719330602095,983,4.14367674359401e-05,0.319140074554983
"SMP_210114",3107.59375,0.00039369254964149,984,5.13455575821703e-05,0.395456163422348
"SMP_210114",3110.75,0.00040959315463306,985,7.11995289751515e-05,0.548368620224489
"SMP_210114",3113.90625,0.000418409554027852,986,8.39822118399605e-05,0.64681902103808
"SMP_210114",3117.0625,0.000408498489242985,987,7.80503304128438e-05,0.601132516080181
"SMP_210114",3120.2148399353,0.000378956843616779,988,5.24957973877523e-05,0.404315146398689
"SMP_210114",3123.3710899353,0.000383310059343699,989,6.08539287776671e-05,0.468688282624662
"SMP_210114",3126.5273399353,0.000430350035294905,990,0.000111911668758264,0.861927715917989
"SMP_210114",3129.67967987061,0.000385098586538471,991,7.06858140539767e-05,0.544412061149334
"SMP_210114",3132.83592987061,0.000385969113134515,992,7.55997340058113e-05,0.582258371970036
"SMP_210114",3135.99217987061,0.000364442655179756,993,5.81294662519021e-05,0.447704860717075
"SMP_210114",3139.14452981949,0.000438429883481724,994,0.000136180628677739,1.0488437848427
"SMP_210114",3142.30077981949,0.000409571273633008,995,0.00011140373541789,0.8580156857538
"SMP_210114",3145.45702981949,0.000426384305722801,996,0.00013231122942022,1.01904222347725
"SMP_210114",3148.60936999321,0.000373523678350166,997,8.3552696426448e-05,0.643510954565403
"SMP_210114",3151.76561999321,0.000406720114698417,998,0.000120869018056794,0.930915943036993
"SMP_210114",3154.91796994209,0.000402370994209447,999,0.000120647362364713,0.929208782501232
"SMP_210114",3158.07421994209,0.000409273986057831,1000,0.000131695594265595,1.0143006892963
"SMP_210114",3161.23046994209,0.000438499766012359,1001,0.000165079273734435,1.2714170285734
"SMP_210114",3164.3828098774,0.000399081021647477,1002,0.000129825896748551,0.999900545609733
"SMP_210114",3167.5390598774,0.000379572864568625,1003,0.000114500890935269,0.881869535942593
"SMP_210114",3170.6953098774,0.00042932773355634,1004,0.000168451519129034,1.29738958177301
"SMP_210114",3173.84765005112,0.000485308853525183,1005,0.00022863576815952,1.76092008647077
"SMP_210114",3177.00390005112,0.000438316956528538,1006,0.000185864779142286,1.43150402753585
"SMP_210114",3180.16015005112,0.000366070181044092,1007,0.000117851468056392,0.907675203189454
"SMP_210114",3183.31640005112,0.000460186018282396,1008,0.000216213308931518,1.6652440767456
