"whale_index","Elapsed_DIV_Time","Ba_DIV_Ca","row_number","no_trend","nt_sd"
"SMP_210172",18.9296901226044,1.73872160274433e-05,1,4.95004439126689e-06,1.50082199175702
"SMP_210172",22.0859401226044,1.4737066588714e-05,2,2.31607641498888e-06,0.702219645613202
"SMP_210172",25.2402400970459,1.6647467977744e-05,3,4.24258321818181e-06,1.28632426144301
"SMP_210172",28.3945300579071,1.34284386577264e-05,4,1.03959287245106e-06,0.315197950184257
"SMP_210172",31.5507800579071,1.23698900913459e-05,5,-2.97356265473469e-09,-0.000901565293831843
"SMP_210172",34.7050800323486,1.18155826221645e-05,6,-5.41375901761473e-07,-0.164141731860905
"SMP_210172",37.8613300323486,1.21846780252906e-05,7,-1.56433063265746e-07,-0.0474295103295144
"SMP_210172",41.0136702060699,1.60848267121678e-05,8,3.75947564673291e-06,1.13984911691824
"SMP_210172",44.1699202060699,1.27000560617501e-05,9,3.90416342491009e-07,0.118371753147426
"SMP_210172",47.3242201805115,1.21418464359234e-05,10,-1.52160205739741e-07,-0.0461340070903948
"SMP_210172",50.478520154953,1.42450801374335e-05,11,1.96663767433435e-06,0.596272040845971
"SMP_210172",53.634770154953,1.35928570427563e-05,12,1.32991905833359e-06,0.403223004126028
"SMP_210172",56.7890601158142,1.9281568637145e-05,13,7.03405586570468e-06,2.13268102264334
"SMP_210172",59.9453101158142,1.51814070497e-05,14,2.94925903666087e-06,0.894196591331153
"SMP_210172",63.0996100902557,1.42294672142486e-05,15,2.01260411164807e-06,0.610208772428594
"SMP_210172",66.2539100646973,1.58930107923734e-05,16,3.69136190821837e-06,1.11919746440301
"SMP_210172",69.4101600646973,1.42715581251749e-05,17,2.08506174860445e-06,0.632177467337014
"SMP_210172",72.5644500255585,1.32428666875248e-05,18,1.07144197791304e-06,0.324854396494003
"SMP_210172",75.71875,1.07656541762055e-05,19,-1.39077058621246e-06,-0.421672800542752
"SMP_210172",78.8730499744415,1.34595148782649e-05,20,1.31801793681215e-06,0.39961465973674
"SMP_210172",82.0292999744415,1.39017494202948e-05,21,1.77511697632606e-06,0.538204182716335
"SMP_210172",85.1835901737213,1.28047034201382e-05,22,6.92853378325192e-07,0.210068739805272
"SMP_210172",88.3378901481628,1.13240895128488e-05,23,-7.73051282845184e-07,-0.234384234633719
"SMP_210172",91.4941401481628,1.01443468025556e-05,24,-1.9381492823556e-06,-0.587634541500121
"SMP_210172",94.6484401226044,1.50027729678188e-05,25,2.93483860378583e-06,0.889824407754841
"SMP_210172",97.8027400970459,1.22368391346424e-05,26,1.83392213794376e-07,0.0556033533891521
"SMP_210172",100.958990097046,1.24364879308926e-05,27,3.97462704041318e-07,0.120508165175414
"SMP_210172",104.113280057907,7.64023735392064e-06,28,-4.38445015251432e-06,-1.32933741407757
"SMP_210172",107.267580032349,1.11252167726611e-05,29,-8.85208321147182e-07,-0.268389535659089
"SMP_210172",110.423830032349,7.94133924311669e-06,30,-4.05489040309911e-06,-1.22941699308237
"SMP_210172",113.57813000679,8.45154705288609e-06,31,-3.53057201020331e-06,-1.07044698947412
"SMP_210172",116.73242020607,1.13260015352599e-05,32,-6.4208341723422e-07,-0.194675610349624
"SMP_210172",119.886720180511,7.18670790261518e-06,33,-4.76741968333418e-06,-1.44545134126605
"SMP_210172",123.042970180511,9.38299223001427e-06,34,-2.55724657857347e-06,-0.775340906081486
"SMP_210172",126.197270154953,7.0832196866696e-06,35,-4.84321645423152e-06,-1.46843244035833
"SMP_210172",129.351560115814,5.3274896280033e-06,36,-6.5852217520515e-06,-1.99659737264419
"SMP_210172",132.507810115814,9.59440705779451e-06,37,-2.30464932740504e-06,-0.698755025300339
"SMP_210172",135.662110090256,5.62211083116276e-06,38,-6.26337760048302e-06,-1.89901627186769
"SMP_210172",138.816410064697,6.45757956344624e-06,39,-5.41441985377138e-06,-1.64161767993077
"SMP_210172",141.972660064697,6.18129815152331e-06,40,-5.67728328345041e-06,-1.72131620077373
"SMP_210172",145.126950025558,7.23298454389164e-06,41,-4.61226692196206e-06,-1.39841001033174
"SMP_210172",148.283200025558,9.25348846180176e-06,42,-2.57850484086309e-06,-0.781786276067884
"SMP_210172",151.4375,9.76389749610326e-06,43,-2.05492623301499e-06,-0.62304057058324
"SMP_210172",154.591799974442,4.71244302338307e-06,44,-7.09329186427514e-06,-2.15064100084376
"SMP_210172",157.746090173721,4.65472226327081e-06,45,-7.13800491370268e-06,-2.16419771318714
"SMP_210172",160.900390148163,5.16743832051656e-06,46,-6.61236255442843e-06,-2.00482629138946
"SMP_210172",164.056640148163,6.98941142711268e-06,47,-4.77753703815901e-06,-1.44851885893242
"SMP_210172",167.210940122604,8.57002086013993e-06,48,-3.18416532770757e-06,-0.965418685465694
"SMP_210172",170.367190122604,1.21000893637865e-05,49,3.5859074171164e-07,0.108722433308027
"SMP_210172",173.521490097046,1.2009038580683e-05,50,2.80136776526315e-07,0.0849356897995435
"SMP_210172",176.675780057907,1.12607833928921e-05,51,-4.55604874994459e-07,-0.138136501795772
"SMP_210172",179.832030057907,1.14800089111145e-05,52,-2.23941722775508e-07,-0.067897706737013
"SMP_210172",182.986330032349,1.10863578053785e-05,53,-6.05246864018351e-07,-0.183507001586349
"SMP_210172",186.14063000679,6.57903994740463e-06,54,-5.10030307528614e-06,-1.54637946954982
"SMP_210172",189.29688000679,1.22986417277173e-05,55,6.31483177124968e-07,0.191461684934745
"SMP_210172",192.45117020607,1.27577127309826e-05,56,1.10264602599024e-06,0.334315265505344
"SMP_210172",195.605470180511,9.99550398033937e-06,57,-1.64755623496724e-06,-0.499528576846232
"SMP_210172",198.759770154953,1.24179108430334e-05,58,7.86771365390011e-07,0.238544076442073
"SMP_210172",201.916020154953,1.50436865551337e-05,59,3.42438899422594e-06,1.03825297404043
"SMP_210172",205.070310115814,1.02737467328783e-05,60,-1.33380276064751e-06,-0.404400517978723
"SMP_210172",208.224610090256,1.26845960506929e-05,61,1.08870783422744e-06,0.330089294368631
"SMP_210172",211.380860090256,1.43525512188553e-05,62,2.76824422139146e-06,0.83931405006153
"SMP_210172",214.535160064697,1.37095833511368e-05,63,2.13676284548105e-06,0.64785291124359
"SMP_210172",217.689450025558,1.50155094623771e-05,64,3.45408750899637e-06,1.04725737492391
"SMP_210172",220.845700025558,1.07584446619918e-05,65,-7.91659999973925e-07,-0.240026279370626
"SMP_210172",224,1.28265809462871e-05,66,1.28769793554098e-06,0.390421828097059
"SMP_210172",227.15625,9.80695527784578e-06,67,-1.72078820614535e-06,-0.521732044968199
"SMP_210172",230.310549974442,1.14032927663324e-05,68,-1.13407438721752e-07,-0.0343844144837822
"SMP_210172",233.464840173721,1.25238799718245e-05,69,1.01813331545326e-06,0.308691548921981
"SMP_210172",236.619140148163,8.59358898837369e-06,70,-2.90129414018137e-06,-0.87965393963377
"SMP_210172",239.773440122604,7.96074480254834e-06,71,-3.52336521164531e-06,-1.06826193396531
"SMP_210172",242.929690122604,7.31323557619018e-06,72,-4.16018551979958e-06,-1.26134180309973
"SMP_210172",246.083990097046,9.68060960309291e-06,73,-1.7822203374051e-06,-0.540357876639085
"SMP_210172",249.240240097046,1.1830185429292e-05,74,3.77861617744681e-07,0.114565240415341
"SMP_210172",252.394530057907,5.7072933654359e-06,75,-5.73462271728522e-06,-1.73870115260285
"SMP_210172",255.548830032349,7.29301431483043e-06,76,-4.13858621229396e-06,-1.25479303037189
"SMP_210172",258.705080032349,6.97905021674189e-06,77,-4.44232102843553e-06,-1.34688349576888
"SMP_210172",261.85938000679,8.56616196943758e-06,78,-2.84507926604319e-06,-0.862609947155787
"SMP_210172",265.01367020607,1.14019806068437e-05,79,7.76067951994476e-10,0.000235298869542671
"SMP_210172",268.16992020607,8.96900574309932e-06,80,-2.42224959070875e-06,-0.734410677543381
"SMP_210172",271.324220180511,1.25796268422401e-05,81,1.19822053824081e-06,0.363292850047853
"SMP_210172",274.478520154953,1.44777811957232e-05,82,3.10612956365216e-06,0.941758737881275
"SMP_210172",277.632810115814,1.04847791983678e-05,83,-8.77212508674854e-07,-0.265965256147251
"SMP_210172",280.789060115814,1.02138051512316e-05,84,-1.1386157912106e-06,-0.345221069658594
"SMP_210172",283.943360090256,1.237346061617e-05,85,1.03050906218636e-06,0.312443796658225
"SMP_210172",287.097660064697,1.37768589313159e-05,86,2.44328097367469e-06,0.740787259161118
"SMP_210172",290.253910064697,1.09075838630043e-05,87,-4.16710943300735e-07,-0.126344108956867
"SMP_210172",293.408200025558,1.26475668250649e-05,88,1.3324528665929e-06,0.403991238682708
"SMP_210172",296.5625,1.37871775374042e-05,89,2.4811475882161e-06,0.752268175970146
"SMP_210172",299.71875,1.2407522145507e-05,90,1.11048450484078e-06,0.336691842463235
"SMP_210172",302.873049974442,1.48060419558493e-05,91,3.51789345282077e-06,1.06660293147395
"SMP_210172",306.029299974442,1.50516798451982e-05,92,3.77232794067903e-06,1.14374585074004
"SMP_210172",309.181640148163,1.81148817005606e-05,93,6.84421725677444e-06,2.07512316322905
"SMP_210172",312.337890148163,1.39846352196575e-05,94,2.72257029002761e-06,0.825466004423436
"SMP_210172",315.492190122604,1.2299522947764e-05,95,1.04595316940736e-06,0.317126351788686
"SMP_210172",318.646490097046,1.55902963674787e-05,96,4.34512236257879e-06,1.31741347817781
"SMP_210172",321.802740097046,1.38340818239462e-05,97,2.5972089539689e-06,0.787457244258599
"SMP_210172",324.957030057907,1.83847283658019e-05,98,7.15605135028708e-06,2.16966927803744
"SMP_210172",328.113280057907,1.29875294355456e-05,99,1.76695282066739e-06,0.535728862620563
"SMP_210172",331.267580032349,1.52429153309517e-05,100,4.030333268679e-06,1.22197142603711
"SMP_210172",334.42188000679,1.61196214159328e-05,101,4.91493273548813e-06,1.49017636093142
"SMP_210172",337.57813000679,1.94970007805683e-05,102,8.30010873820915e-06,2.51654020522646
"SMP_210172",340.73242020607,2.14128039619524e-05,103,1.02236017975831e-05,3.09973107308888
"SMP_210172",343.886720180511,1.87831822366831e-05,104,7.60156772778328e-06,2.30474701152482
"SMP_210172",347.041020154953,1.61575464530037e-05,105,4.98341699456033e-06,1.51094035292431
"SMP_210172",350.197270154953,1.60696064886882e-05,106,4.90286364895762e-06,1.48651709061914
"SMP_210172",353.351560115814,1.30916044691677e-05,107,1.93214030742777e-06,0.585812658501352
"SMP_210172",356.505860090256,1.30551622856288e-05,108,1.9028731444057e-06,0.576939040725852
"SMP_210172",359.662110090256,9.42977075141136e-06,109,-1.71544306943238e-06,-0.520111433496125
"SMP_210172",362.816410064697,8.22843404264467e-06,110,-2.90981325933429e-06,-0.882236882404475
"SMP_210172",365.970700025558,1.6249021018504e-05,111,5.11763545729545e-06,1.55163453759224
"SMP_210172",369.126950025558,1.23788452173293e-05,112,1.2542204483141e-06,0.380271666787898
"SMP_210172",372.28125,1.35463876077613e-05,113,2.42841394768551e-06,0.736279671391614
"SMP_210172",375.435549974442,1.72315262702094e-05,114,6.12009788686331e-06,1.85557477353436
"SMP_210172",378.591799974442,1.1429125998724e-05,115,3.24140649194969e-07,0.0982773842579013
"SMP_210172",381.746090173721,1.57246483882019e-05,116,4.62599549003216e-06,1.40257242489741
"SMP_210172",384.900390148163,1.35042048786506e-05,117,2.41177754368826e-06,0.731235619458084
"SMP_210172",388.054690122604,9.83432278211957e-06,118,-1.25198625608067e-06,-0.379594273905592
"SMP_210172",391.210940122604,1.65939926728711e-05,119,5.51369798899026e-06,1.67171817941316
"SMP_210172",394.365240097046,1.37466018029645e-05,120,2.67219699953886e-06,0.810193142972726
"SMP_210172",397.519530057907,1.21155812869866e-05,121,1.04693344523071e-06,0.317423565186664
"SMP_210172",400.675780057907,1.4637637615678e-05,122,3.57461831708347e-06,1.08380154971565
"SMP_210172",403.830080032349,1.20182633183818e-05,123,9.6073819831568e-07,0.291289714269442
"SMP_210172",406.986330032349,1.32084617135418e-05,124,2.15630422867638e-06,0.653777734402881
"SMP_210172",410.14063000679,1.15955296165851e-05,125,5.48607618347962e-07,0.166334342357551
"SMP_210172",413.29492020607,9.88510085096604e-06,126,-1.15671344174272e-06,-0.350708162252281
"SMP_210172",416.45117020607,1.15351514523527e-05,127,4.98321182838876e-07,0.151087814784534
"SMP_210172",419.605470180511,1.91451859160025e-05,128,8.11321084009316e-06,2.4598739506368
"SMP_210172",422.759770154953,8.42626697928242e-06,129,-2.60097758746778e-06,-0.788599869978073
"SMP_210172",425.914060115814,1.01583719860792e-05,130,-8.64265743589805e-07,-0.262039879276685
"SMP_210172",429.070310115814,1.01708344828783e-05,131,-8.47316291262531e-07,-0.256900913079556
"SMP_210172",432.224610090256,1.03564416173004e-05,132,-6.57346614710172e-07,-0.199303314795437
"SMP_210172",435.378910064697,1.20372025750432e-05,133,1.02765630853709e-06,0.311578859886862
"SMP_210172",438.535160064697,9.42212763012408e-06,134,-1.58329370894476e-06,-0.480044587476246
"SMP_210172",441.689450025558,1.1790986638393e-05,135,7.89569106490007e-07,0.239392333758214
"SMP_210172",444.84375,7.95279937720498e-06,136,-3.04473183023723e-06,-0.92314333541827
"SMP_210172",448,9.72817921516005e-06,137,-1.26557984186989e-06,-0.383715762701792
"SMP_210172",451.154299974442,1.1542017811525e-05,138,5.5191309709045e-07,0.167336542499182
"SMP_210172",454.308590173721,1.01825811004543e-05,139,-8.03983696756229e-07,-0.243762745892675
"SMP_210172",457.464840173721,1.17829560789286e-05,140,7.99819905774764e-07,0.242500310936518
"SMP_210172",460.619140148163,1.37667796977029e-05,141,2.78695763500469e-06,0.844987838106975
"SMP_210172",463.773440122604,1.14152463146508e-05,142,4.38627028853412e-07,0.132988926774808
"SMP_210172",466.927740097046,1.5041415215988e-05,143,4.06788840033384e-06,1.23335790321504
"SMP_210172",470.083990097046,1.42334410110064e-05,144,3.26289919618998e-06,0.989290293874494
"SMP_210172",473.238280057907,1.08246029973483e-05,145,-1.4306395601093e-07,-0.0433760819979251
"SMP_210172",476.392580032349,1.22004248122117e-05,146,1.23552550387236e-06,0.37460347847784
"SMP_210172",479.548830032349,1.32464839743855e-05,147,2.28424772483006e-06,0.692569389093595
"SMP_210172",482.70313000679,1.60515815205897e-05,148,5.0919014802737e-06,1.5438321593514
"SMP_210172",485.85742020607,1.31618508588093e-05,149,2.20462287558481e-06,0.668427640981508
"SMP_210172",489.01367020607,5.76571104943319e-06,150,-5.189166566391e-06,-1.57332231514324
"SMP_210172",492.167970180511,1.09118586963966e-05,151,-4.07721264066669e-08,-0.012361849536093
"SMP_210172",495.324220180511,1.02842510562398e-05,152,-6.66232741760929e-07,-0.201997532027681
"SMP_210172",498.478520154953,1.30689494714297e-05,153,2.1205113043471e-06,0.642925547283619
"SMP_210172",501.632810115814,9.47537442309287e-06,154,-1.47111712855323e-06,-0.446033361413561
"SMP_210172",504.787110090256,1.44646259295435e-05,155,3.5199830170061e-06,1.06723647405148
"SMP_210172",507.941410064697,1.24380130337272e-05,156,1.49512180443139e-06,0.453311426540919
"SMP_210172",511.097660064697,1.30888596541942e-05,157,2.14762517321783e-06,0.65114629996103
"SMP_210172",514.251950025558,1.29128342925642e-05,158,1.9731606003287e-06,0.598249750540898
"SMP_210172",517.408200025558,1.05225926196856e-05,159,-4.15613275505418e-07,-0.126011303059255
"SMP_210172",520.5625,1.0385804760572e-05,160,-5.51027120747517e-07,-0.1670679201042
"SMP_210172",523.716799974442,1.00800890805791e-05,161,-8.55460607484662e-07,-0.259370217984288
"SMP_210172",526.873049974442,1.08939999167883e-05,162,-4.03576631717316e-08,-0.0122361869180238
"SMP_210172",530.027340173721,7.12932649347015e-06,163,-3.80392951252794e-06,-1.15332724643189
"SMP_210172",533.181640148163,8.56706001282758e-06,164,-2.36518315524934e-06,-0.717108497086218
"SMP_210172",536.337890148163,1.00022432794296e-05,165,-9.29074218516514e-07,-0.281689396883808
"SMP_210172",539.492190122604,1.42440057391523e-05,166,3.31352662705938e-06,1.00464020907303
"SMP_210172",542.646490097046,9.38711746416508e-06,167,-1.54260892064198e-06,-0.467709218298041
"SMP_210172",545.800780057907,9.5231663997195e-06,168,-1.40589189155971e-06,-0.42625748419716
"SMP_210172",548.957030057907,9.26148209263454e-06,169,-1.66699137214652e-06,-0.505421186888868
"SMP_210172",552.111330032349,8.82677270134421e-06,170,-2.10119890154362e-06,-0.637070149523498
"SMP_210172",555.26563000679,8.04935149058844e-06,171,-2.87819980115393e-06,-0.872651882852497
"SMP_210172",558.42188000679,4.84464209621543e-06,172,-6.0825692229658e-06,-1.84419632121219
"SMP_210172",561.57617020607,1.50072352758705e-05,173,4.08028419721739e-06,1.23711623002944
"SMP_210172",564.730470180511,9.30605951865269e-06,174,-1.62070978826834e-06,-0.491388904871304
"SMP_210172",567.886720180511,1.39442760524172e-05,175,3.01761111505635e-06,0.914920506983145
"SMP_210172",571.041020154953,1.08972043605523e-05,176,-2.94327110594319e-08,-0.00892381088803122
"SMP_210172",574.197270154953,1.17852231087045e-05,177,8.58538461657653e-07,0.260303403803469
"SMP_210172",577.351560115814,1.18987647641602e-05,178,9.71958187111049e-07,0.294691543546178
"SMP_210172",580.505860090256,6.17988090668414e-06,179,-4.7471209351107e-06,-1.43929688984483
"SMP_210172",583.660160064697,9.65833289507885e-06,180,-1.26893651913842e-06,-0.384733485911046
"SMP_210172",586.814450025558,7.93967295803812e-06,181,-2.98793530829354e-06,-0.905922991023222
"SMP_210172",589.970700025558,1.20908988773699e-05,182,1.16288122944223e-06,0.352578196273844
"SMP_210172",593.125,9.25693613840645e-06,183,-1.67155988645323e-06,-0.506806331384394
"SMP_210172",596.28125,8.25206875537169e-06,184,-2.67697420505968e-06,-0.811641561317707
"SMP_210172",599.435549974442,6.72667618102024e-06,185,-4.20298057047012e-06,-1.2743169904128
"SMP_210172",602.589840173721,9.63127222109157e-06,186,-1.29906446487762e-06,-0.393868087534343
"SMP_210172",605.746090173721,1.04755682507943e-05,187,-4.5551397102473e-07,-0.138108940290031
"SMP_210172",608.900390148163,1.09929151788542e-05,188,6.1023770374256e-08,0.0185020192463716
"SMP_210172",612.054690122604,1.11311001393167e-05,189,1.98336479570025e-07,0.0601343597708982
"SMP_210172",615.210940122604,1.38755431049149e-05,190,2.9418445595279e-06,0.891948568998632
"SMP_210172",618.365240097046,9.01925766469814e-06,191,-1.9154362181762e-06,-0.580748084828991
"SMP_210172",621.519530057907,8.9766155566287e-06,192,-1.95913364386858e-06,-0.593996866512239
"SMP_210172",624.673830032349,1.09710185398867e-05,193,3.41550617247671e-08,0.0103555975895459
"SMP_210172",627.830080032349,1.3173698903418e-05,194,2.2356624752238e-06,0.677838650271791
"SMP_210172",630.98438000679,8.20395238501838e-06,195,-2.73531318888241e-06,-0.829329570348978
"SMP_210172",634.13867020607,1.42146529265443e-05,196,3.27410233524429e-06,0.992687014416857
"SMP_210172",637.29492020607,9.61139842401826e-06,197,-1.33049288262017e-06,-0.40339698400189
"SMP_210172",640.449220180511,1.13596773109546e-05,198,4.16392278928747e-07,0.126247491945046
"SMP_210172",643.603520154953,1.11956801377521e-05,199,2.50948585601106e-07,0.0760860158617821
"SMP_210172",646.759770154953,1.31980459086902e-05,200,2.25181512641412e-06,0.682736031429502
"SMP_210172",649.914060115814,1.59345449064775e-05,201,4.98676506893768e-06,1.51195546779165
"SMP_210172",653.070310115814,7.19996033636941e-06,202,-3.74941927853227e-06,-1.13680009000864
"SMP_210172",656.222660064697,1.1992841175849e-05,203,1.04181510375805e-06,0.315871716589701
"SMP_210172",659.378910064697,1.10916652007735e-05,204,1.38942945353692e-07,0.0421266177641176
"SMP_210172",662.533200025558,1.04651722166191e-05,205,-4.8929181589003e-07,-0.148350168125773
"SMP_210172",665.6875,7.32902261214945e-06,206,-3.62722880880047e-06,-1.09975271635677
"SMP_210172",668.84375,9.21017605033381e-06,207,-1.74790848427593e-06,-0.529954740892452
"SMP_210172",671.998049974442,1.43774660440195e-05,208,3.41750596296184e-06,1.03616608271692
"SMP_210172",675.154299974442,1.71514771978061e-05,209,6.18959784671528e-06,1.87664671954682
"SMP_210172",678.308590173721,1.36424121400187e-05,210,2.67857320033627e-06,0.81212636652068
"SMP_210172",681.462890148163,1.34992775097822e-05,211,2.53343850485506e-06,0.768122449479156
"SMP_210172",684.619140148163,1.14138912741515e-05,212,4.46011487295794e-07,0.135227847631173
"SMP_210172",687.773440122604,1.07531584569197e-05,213,-2.16799279510312e-07,-0.0657321633438678
"SMP_210172",690.927740097046,1.37014533499683e-05,214,2.72938027434565e-06,0.82753074837726
"SMP_210172",694.082030057907,9.24799245602173e-06,215,-1.72623231472759e-06,-0.52338266408187
"SMP_210172",697.238280057907,1.21270223120535e-05,216,1.15060914060615e-06,0.348857376953014
"SMP_210172",700.392580032349,1.3160515704107e-05,217,2.18188116460846e-06,0.661532498783652
"SMP_210172",703.54688000679,1.27731022012082e-05,218,1.79221301185972e-06,0.543387592009802
"SMP_210172",706.70313000679,9.42713770606533e-06,219,-1.55603981169107e-06,-0.471781379083291
"SMP_210172",709.85742020607,1.62679277310519e-05,220,5.28243206848225e-06,1.60159982248394
"SMP_210172",713.011720180511,1.15091212425801e-05,221,5.2127722728493e-07,0.158047941527877
"SMP_210172",716.167970180511,9.25794890128298e-06,222,-1.7322741193436e-06,-0.525214500833396
"SMP_210172",719.322270154953,1.08885890581746e-05,223,-1.04039653422123e-07,-0.0315441615324054
"SMP_210172",722.476560115814,8.27381125295557e-06,224,-2.72125026159645e-06,-0.825065780194591
"SMP_210172",725.632810115814,8.02150389399995e-06,225,-2.9760180521266e-06,-0.902309754711987
"SMP_210172",728.787110090256,1.00566933051326e-05,226,-9.4331262592465e-07,-0.2860063914957
"SMP_210172",731.941410064697,9.03220054251317e-06,227,-1.97031341220265e-06,-0.597386501200795
"SMP_210172",735.095700025558,7.90974978783169e-06,228,-3.095295194403e-06,-0.938473825999544
"SMP_210172",738.251950025558,6.61044274281284e-06,229,-4.39715684497245e-06,-1.3331900024538
"SMP_210172",741.40625,8.03663366388246e-06,230,-2.97353991553682e-06,-0.901558399451602
"SMP_210172",744.560549974442,5.98653565383648e-06,231,-5.026231848125e-06,-1.52392154434899
"SMP_210172",747.716799974442,5.57450987961781e-06,232,-5.44087206991261e-06,-1.64963782370676
"SMP_210172",750.871090173721,1.07587305699844e-05,233,-2.59282086068771e-07,-0.0786126802271067
"SMP_210172",754.025390148163,6.81061819953052e-06,234,-4.2100420210564e-06,-1.27645797734058
"SMP_210172",757.181640148163,1.04293944467659e-05,235,-5.93930812663261e-07,-0.180076046752179
"SMP_210172",760.335940122604,6.98521972214426e-06,236,-4.04078373002845e-06,-1.22513993948416
"SMP_210172",763.492190122604,6.344671859716e-06,237,-4.68402522230937e-06,-1.42016667082601
"SMP_210172",766.646490097046,6.45418630974385e-06,238,-4.57732453546568e-06,-1.3878157008765
"SMP_210172",769.800780057907,9.33798498984421e-06,239,-1.69656813059512e-06,-0.514388672029579
"SMP_210172",772.955080032349,6.61178228784586e-06,240,-4.42603866766874e-06,-1.34194678749215
"SMP_210172",776.111330032349,8.65394986853111e-06,241,-2.38736372712882e-06,-0.723833505477091
"SMP_210172",779.26563000679,8.1668798798779e-06,242,-2.87814387222753e-06,-0.872634925557554
"SMP_210172",782.41992020607,1.23044485938395e-05,243,1.25549806365062e-06,0.380659031636067
"SMP_210172",785.57617020607,1.08396256398033e-05,244,-2.13467968077942e-07,-0.0647221308948835
"SMP_210172",788.730470180511,6.27861628710205e-06,245,-4.77882859375614e-06,-1.44891045037898
"SMP_210172",791.884770154953,9.10990374218901e-06,246,-1.95210012938602e-06,-0.591864349633525
"SMP_210172",795.041020154953,1.07555536981423e-05,247,-3.1121691807851e-07,-0.0943589911401839
"SMP_210172",798.195310115814,7.76589607602069e-06,248,-3.30584015956436e-06,-1.00230972099179
"SMP_210172",801.349610090256,7.29999786113894e-06,249,-3.77690281059583e-06,-1.14513292221615
"SMP_210172",804.505860090256,5.81707139552464e-06,250,-5.26519291591276e-06,-1.59637302101501
"SMP_210172",807.660160064697,7.93218385367989e-06,251,-3.15563370032426e-06,-0.956768077420027
"SMP_210172",810.814450025558,1.01417576157303e-05,252,-9.51803047241711e-07,-0.288580633265008
"SMP_210172",813.96875,5.01085844207727e-06,253,-6.08863226121173e-06,-1.84603459586533
"SMP_210172",817.125,1.11183297701414e-05,254,1.27212486266552e-08,0.00385700171400007
"SMP_210172",820.279299974442,7.04243644830396e-06,255,-4.06946713674849e-06,-1.23383656605986
"SMP_210172",823.433590173721,8.05798217305857e-06,256,-3.06039445220676e-06,-0.927892142831378
"SMP_210172",826.589840173721,1.13483143622156e-05,257,2.23285488011518e-07,0.0676987405282878
"SMP_210172",829.744140148163,1.0851024829416e-05,258,-2.808242896957e-07,-0.0851441394219459
"SMP_210172",832.898440122604,8.93006813091271e-06,259,-2.20877031371477e-06,-0.669685117857043
"SMP_210172",836.054690122604,9.47772188773352e-06,260,-1.66827646583233e-06,-0.505810819125003
"SMP_210172",839.208990097046,8.6068489524287e-06,261,-2.54646807323174e-06,-0.772072931781362
"SMP_210172",842.365240097046,9.86109483201403e-06,262,-1.29970570237065e-06,-0.39406250666585
"SMP_210172",845.519530057907,7.97010094934129e-06,263,-3.19833568578379e-06,-0.96971504795274
"SMP_210172",848.673830032349,5.7438156104617e-06,264,-5.43241136872096e-06,-1.64707259289054
"SMP_210172",851.82813000679,1.65787994953462e-05,265,5.39463092430627e-06,1.63561780231615
"SMP_210172",854.98242020607,6.50839652427283e-06,266,-4.6838618896028e-06,-1.42011714938769
"SMP_210172",858.13867020607,1.30263952572204e-05,267,1.82589653549543e-06,0.553600222248336
"SMP_210172",861.292970180511,8.04547017753183e-06,268,-3.16340613694192e-06,-0.959124630792741
"SMP_210172",864.449220180511,6.86646888751504e-06,269,-4.35092968735496e-06,-1.31917422213249
"SMP_210172",867.603520154953,9.09394697451675e-06,270,-2.13210502472769e-06,-0.646440689601167
"SMP_210172",870.757810115814,8.53190711705305e-06,271,-2.70293169345359e-06,-0.819511706785715
"SMP_210172",873.914060115814,9.7555680938402e-06,272,-1.48819355159171e-06,-0.451210824323169
"SMP_210172",877.068360090256,8.49290088864371e-06,273,-2.75990558904908e-06,-0.836785829744418
"SMP_210172",880.222660064697,9.53650524473065e-06,274,-1.72547056381441e-06,-0.523151706047481
"SMP_210172",883.378910064697,1.02276379020961e-05,275,-1.04363454506191e-06,-0.316423359626754
"SMP_210172",886.533200025558,7.28064910460887e-06,276,-4.00003279832942e-06,-1.21278451604869
"SMP_210172",889.6875,8.69664974783303e-06,277,-2.59355722276191e-06,-0.786350062570875
"SMP_210172",892.841799974442,7.59558450052725e-06,278,-3.70426014839221e-06,-1.12310812882898
"SMP_210172",895.998049974442,7.15935312393157e-06,279,-4.15024490166142e-06,-1.25832787087324
"SMP_210172",899.152340173721,9.61911324981074e-06,280,-1.70033879519481e-06,-0.515531913565904
"SMP_210172",902.306640148163,7.89691756536545e-06,281,-3.43249222369467e-06,-1.04070982170272
"SMP_210172",905.462890148163,8.51198773557963e-06,282,-2.82748676908269e-06,-0.857276013913728
"SMP_210172",908.617190122604,5.28670850711322e-06,283,-6.06292227507983e-06,-1.83823949150978
"SMP_210172",911.771490097046,8.66583084687388e-06,284,-2.69405099070905e-06,-0.816819134168632
"SMP_210172",914.927740097046,9.27354072543116e-06,285,-2.09669039573879e-06,-0.635703199224265
"SMP_210172",918.082030057907,9.32348865409351e-06,286,-2.05717418435801e-06,-0.623722135140109
"SMP_210172",921.238280057907,8.312038979206e-06,287,-3.07914799901947e-06,-0.933578099007773
"SMP_210172",924.392580032349,1.04869628919705e-05,288,-9.14824638233199e-07,-0.277369014727188
"SMP_210172",927.54688000679,1.04122223435008e-05,289,-1.00024565525582e-06,-0.303268124062849
"SMP_210172",930.70117020607,1.01602485350743e-05,290,-1.26297684383249e-06,-0.382926550244238
"SMP_210172",933.855470180511,9.48697930675383e-06,291,-1.94707745905851e-06,-0.590341507919585
"SMP_210172",937.011720180511,8.21725268375296e-06,292,-3.2277132323104e-06,-0.978622133305105
"SMP_210172",940.166020154953,9.63143241395638e-06,293,-1.82450396265049e-06,-0.553178003014407
"SMP_210172",943.322270154953,7.40875443793759e-06,294,-4.05822429813632e-06,-1.23042780886392
"SMP_210172",946.476560115814,1.01402424040285e-05,295,-1.33783393745598e-06,-0.405622745160663
"SMP_210172",949.630860090256,8.58652776251136e-06,296,-2.90270533176837e-06,-0.880081803951932
"SMP_210172",952.787110090256,1.07406126222932e-05,297,-7.59840314203838e-07,-0.230378752924439
"SMP_210172",955.941410064697,9.5522957586128e-06,298,-1.95942327256098e-06,-0.594084680090593
"SMP_210172",959.095700025558,7.40428683262799e-06,299,-4.11874845306393e-06,-1.24877834788295
"SMP_210172",962.251950025558,8.18187166820492e-06,300,-3.35253417123198e-06,-1.01646704849329
"SMP_210172",965.40625,1.24264389354487e-05,301,8.80625302077117e-07,0.266999993411522
"SMP_210172",968.560549974442,9.82459352681427e-06,302,-1.7326691799349e-06,-0.525334280693259
"SMP_210172",971.714840173721,7.71483567129366e-06,303,-3.8539143810963e-06,-1.16848234082556
"SMP_210172",974.871090173721,8.56887535711596e-06,304,-3.01140454665726e-06,-0.9130387149
"SMP_210172",978.025390148163,9.66403533347298e-06,305,-1.92779967185602e-06,-0.584496605389629
"SMP_210172",981.179690122604,8.74687407392138e-06,306,-2.8565454244825e-06,-0.866086413503652
"SMP_210172",984.335940122604,1.2940057030311e-05,307,1.32501943327462e-06,0.401737468955306
"SMP_210172",987.490240097046,8.23182849114812e-06,308,-3.39484348100649e-06,-1.02929496225457
"SMP_210172",990.644530057907,1.28492419000923e-05,309,1.21091511473795e-06,0.367141764941741
"SMP_210172",993.800780057907,9.87391117033186e-06,310,-1.77609518957417e-06,-0.53850077075461
"SMP_210172",996.955080032349,9.81333480755792e-06,311,-1.84835844624817e-06,-0.5604105307971
"SMP_210172",1000.11133003235,7.04201376828163e-06,312,-4.63138517321908e-06,-1.40420654257721
"SMP_210172",1003.26367020607,1.59036134880006e-05,313,4.21851477807689e-06,1.27902686340746
"SMP_210172",1006.41992020607,9.77170569705516e-06,314,-1.92511291034185e-06,-0.583681996378408
"SMP_210172",1009.57422018051,7.46704872404052e-06,315,-4.24148518366704e-06,-1.2859913443584
"SMP_210172",1012.72852015495,8.67189954674602e-06,316,-3.04834933205896e-06,-0.924240138973984
"SMP_210172",1015.88477015495,1.26235531546204e-05,317,8.91585366795791e-07,0.270323015360555
"SMP_210172",1019.03906011581,8.97133768452948e-06,318,-2.77233545945108e-06,-0.840554487433006
"SMP_210172",1022.19531011581,1.28834813388799e-05,319,1.12810481996048e-06,0.342034209994319
"SMP_210172",1025.34961009026,1.33936401336127e-05,320,1.62657969258731e-06,0.493168622545545
"SMP_210172",1028.5039100647,6.06229787860256e-06,321,-5.71643129403118e-06,-1.733185628716
"SMP_210172",1031.6601600647,1.38045987903527e-05,322,2.01421185184271e-06,0.610696229035125
"SMP_210172",1034.81445002556,8.91352136409633e-06,323,-2.8884949595888e-06,-0.875773309443121
"SMP_210172",1037.96875,1.29815425371879e-05,324,1.16792089827119e-06,0.354106191825363
"SMP_210172",1041.12304997444,9.78312593403804e-06,325,-2.0420739416891e-06,-0.619143837555879
"SMP_210172",1044.27929997444,9.52483138093093e-06,326,-2.31192381097994e-06,-0.700960602475999
"SMP_210172",1047.43359017372,8.46039685033241e-06,327,-3.38787345001011e-06,-1.02718169316529
"SMP_210172",1050.58789014816,9.01576480760706e-06,328,-2.84398464208426e-06,-0.862278064130017
"SMP_210172",1053.74414014816,1.04275516409076e-05,329,-1.44364505157897e-06,-0.437704002316307
"SMP_210172",1056.8984401226,9.70695782399455e-06,330,-2.17563708678145e-06,-0.659639334080413
"SMP_210172",1060.05274009705,9.52783297256457e-06,331,-2.36611524527099e-06,-0.717391100855439
"SMP_210172",1063.20899009705,1.3455696623808e-05,332,1.55043600794269e-06,0.470082341410436
"SMP_210172",1066.36328005791,1.27853649074484e-05,333,8.68849789557615e-07,0.26342973287312
"SMP_210172",1069.51758003235,6.59623154708299e-06,334,-5.33148428101447e-06,-1.61647214149638
"SMP_210172",1072.67383003235,1.1170573523889e-05,335,-7.68293086378678e-07,-0.232941579713163
"SMP_210172",1075.82813000679,1.01790612440257e-05,336,-1.77088946874781e-06,-0.536922429293081
"SMP_210172",1078.98242020607,1.13382682841836e-05,337,-6.22703753002608e-07,-0.188799819352076
"SMP_210172",1082.13672018051,1.35333541302921e-05,338,1.5614264499926e-06,0.47341457357319
"SMP_210172",1085.29297018051,1.5139305972389e-05,339,3.15648462746593e-06,0.957026073119997
"SMP_210172",1088.44727015495,1.05901009309092e-05,340,-1.40353566622963e-06,-0.425543091655719
"SMP_210172",1091.60156011581,1.26899604402024e-05,341,6.8558325678525e-07,0.207864485170881
"SMP_210172",1094.75781011581,1.46431819965242e-05,342,2.62813522870067e-06,0.796833894157425
"SMP_210172",1097.91211009026,1.13635416776437e-05,343,-6.62087481466349e-07,-0.200740715457987
"SMP_210172",1101.0664100647,1.70136808519154e-05,344,4.97755284988062e-06,1.50916238153608
"SMP_210172",1104.2226600647,9.97017532730134e-06,345,-2.07637140742055e-06,-0.629542611134981
"SMP_210172",1107.37695002556,1.29802172039034e-05,346,9.23347726421055e-07,0.279953160884056
"SMP_210172",1110.53320002556,9.9797141065822e-06,347,-2.0873919771007e-06,-0.632883977803701
"SMP_210172",1113.6875,1.03425289005985e-05,348,-1.73471199779366e-06,-0.52595365008174
"SMP_210172",1116.84179997444,1.03030994591857e-05,349,-1.78417784426939e-06,-0.54095138027637
"SMP_210172",1119.99609017372,1.15384850719741e-05,350,-5.58727224745458e-07,-0.169402542686437
"SMP_210172",1123.15039014816,1.79721166527679e-05,351,5.86507368452172e-06,1.77825305658576
"SMP_210172",1126.30664014816,1.70811598803061e-05,352,4.96438758746175e-06,1.50517075766289
"SMP_210172",1129.4609401226,1.96679509944739e-05,353,7.54156571914994e-06,2.2865547839429
"SMP_210172",1132.6171901226,1.51834886798646e-05,354,3.04759785396649e-06,0.92401229559353
"SMP_210172",1135.77149009705,9.71753947673394e-06,355,-2.42773474915162e-06,-0.736073742713835
"SMP_210172",1138.92578005791,1.51931839443751e-05,356,3.03864556169858e-06,0.921298017488062
"SMP_210172",1142.08203005791,1.62044687447114e-05,357,4.04035415308691e-06,1.22500969448633
"SMP_210172",1145.23633003235,1.05585547813483e-05,358,-1.61585336875381e-06,-0.489916469346995
"SMP_210172",1148.39063000679,1.55154872769783e-05,359,3.33007739167653e-06,1.00965829569093
"SMP_210172",1151.54688000679,1.30314782181542e-05,360,8.34365842254451e-07,0.252974419266946
"SMP_210172",1154.70117020607,1.33962043606381e-05,361,1.18671810879531e-06,0.359805386561485
"SMP_210172",1157.85547018051,1.99601759879419e-05,362,7.73765224342124e-06,2.3460069715703
"SMP_210172",1161.00977015495,2.03834387904952e-05,363,8.14722883658094e-06,2.47018799091782
"SMP_210172",1164.16602015495,1.61489269362622e-05,364,3.89838787313845e-06,1.18196642089256
"SMP_210172",1167.32031011581,1.65505789690612e-05,365,4.28510052158303e-06,1.29921523754968
"SMP_210172",1170.47461009026,1.45844471112137e-05,366,2.30342511350271e-06,0.698383851427541
"SMP_210172",1173.63086009026,1.49003150061323e-05,367,2.60315004879626e-06,0.789258546442424
"SMP_210172",1176.7851600647,1.1945483687228e-05,368,-3.68388821545748e-07,-0.111693148826855
"SMP_210172",1179.93945002556,9.21003593731868e-06,369,-3.1211035892948e-06,-0.946298767265505
"SMP_210172",1183.09570002556,1.11025428457957e-05,370,-1.24641958883298e-06,-0.377906495783667
"SMP_210172",1186.25,1.39439279852953e-05,371,1.57662369983562e-06,0.478022283115931
"SMP_210172",1189.40625,1.37561400399421e-05,372,1.36996716516963e-06,0.415365335530937
"SMP_210172",1192.56054997444,1.24552141680923e-05,373,4.96841510560121e-08,0.0150639187555965
"SMP_210172",1195.71484017372,1.7393170183562e-05,374,4.96779789630912e-06,1.50620474162592
"SMP_210172",1198.86914014816,1.21080596618398e-05,375,-3.37625283887144e-07,-0.102365839774084
"SMP_210172",1202.0234401226,1.40962963858979e-05,376,1.62984331690244e-06,0.494158132690873
"SMP_210172",1205.1796901226,1.17976926099245e-05,377,-6.89982429113902e-07,-0.209198286255174
"SMP_210172",1208.33399009705,9.73488981662863e-06,378,-2.77441994571906e-06,-0.841186490418278
"SMP_210172",1211.49024009705,5.83645692780428e-06,379,-6.69491217817e-06,-2.02985481253589
"SMP_210172",1214.64453005791,8.17580329856636e-06,380,-4.37800757127848e-06,-1.32738406440267
"SMP_210172",1217.79883003235,4.84517070500601e-06,381,-7.73146313221683e-06,-2.34413047239761
"SMP_210172",1220.95508003235,7.8189908267352e-06,382,-4.78084669411596e-06,-1.44952232557892
"SMP_210172",1224.10938000679,9.49273482979761e-06,383,-3.13064354870009e-06,-0.949191222311201
"SMP_210172",1227.26367020607,1.42724481245752e-05,384,1.62519242738473e-06,0.492748012555037
"SMP_210172",1230.41992020607,1.00573052851058e-05,385,-2.61416453371301e-06,-0.792598068249561
"SMP_210172",1233.57422018051,1.13128745429375e-05,386,-1.38310133617351e-06,-0.419347532684743
"SMP_210172",1236.72852015495,1.29600151352035e-05,387,2.3924125754251e-07,0.0725364284184748
"SMP_210172",1239.88281011581,1.12072429750517e-05,388,-1.53860589667431e-06,-0.466495526878462
"SMP_210172",1243.03906011581,1.08273210240003e-05,389,-1.94388087568059e-06,-0.589372324160237
"SMP_210172",1246.19336009026,7.96630444777055e-06,390,-4.83048223649408e-06,-1.46457150649238
"SMP_210172",1249.3476600647,9.63075905128887e-06,391,-3.19184489581198e-06,-0.967747081695557
"SMP_210172",1252.5039100647,7.49275896128263e-06,392,-5.35589602350301e-06,-1.62387362663226
"SMP_210172",1255.65820002556,8.02851400835909e-06,393,-4.84637864476707e-06,-1.46939119642651
"SMP_210172",1258.8125,7.73304794702743e-06,394,-5.16827033838252e-06,-1.56698671164942
"SMP_210172",1261.96875,1.33946564061566e-05,395,4.66722976166693e-07,0.141507439392879
"SMP_210172",1265.12304997444,1.45298399903788e-05,396,1.57514966114996e-06,0.477575363956976
"SMP_210172",1268.27929997444,1.84192882845118e-05,397,5.43768110115426e-06,1.64867034226437
"SMP_210172",1271.43164014816,1.28633359045019e-05,398,-1.45283127424322e-07,-0.0440489206630839
"SMP_210172",1274.58789014816,1.20570158574702e-05,399,-9.78762147761712e-07,-0.296754461162348
"SMP_210172",1277.7421901226,9.70021503015894e-06,400,-3.36280388865821e-06,-1.01958076153183
"SMP_210172",1280.89649009705,1.32898489455464e-05,401,1.99505289523507e-07,0.0604887355186118
"SMP_210172",1284.05274009705,9.99512765587763e-06,402,-3.12262665162748e-06,-0.946760550082593
"SMP_210172",1287.20703005791,1.25473235726211e-05,403,-5.97878472824231e-07,-0.181272952217516
"SMP_210172",1290.36328005791,1.02021631270941e-05,404,-2.97054297156725e-06,-0.900649745091748
"SMP_210172",1293.51758003235,1.16268571254912e-05,405,-1.57336039857897e-06,-0.477032870919881
"SMP_210172",1296.67188000679,1.10666045516955e-05,406,-2.1611338894944e-06,-0.655242056860514
"SMP_210172",1299.82813000679,1.16955482710541e-05,407,-1.55972272195954e-06,-0.472898014064249
"SMP_210172",1302.98242020607,1.03935392930606e-05,408,-2.88922691007941e-06,-0.875995232178828
"SMP_210172",1306.13672018051,1.04792393084312e-05,409,-2.83098708450247e-06,-0.858337287297331
"SMP_210172",1309.29297018051,1.04179410486853e-05,410,-2.91971249254903e-06,-0.885238266985273
"SMP_210172",1312.44727015495,1.11967936513861e-05,411,-2.16820523565843e-06,-0.657386044064554
"SMP_210172",1315.60156011581,7.31708090187312e-06,412,-6.07518354165083e-06,-1.84195702958863
"SMP_210172",1318.75586009026,1.10195168829696e-05,413,-2.39991863814043e-06,-0.727640074683625
"SMP_210172",1321.91211009026,1.14690766074894e-05,414,-1.97743725582588e-06,-0.599546405300734
"SMP_210172",1325.0664100647,9.67044195526879e-06,415,-3.80300918487946e-06,-1.15304820893944
"SMP_210172",1328.22070002556,1.84753245067686e-05,416,4.97507533754485e-06,1.50841121554554
"SMP_210172",1331.37695002556,1.7106403652598e-05,417,3.57949397360173e-06,1.0852798177772
"SMP_210172",1334.53125,1.65807784596548e-05,418,3.0273936891836e-06,0.917886521270225
"SMP_210172",1337.68554997444,2.33394156328853e-05,419,9.75973953114969e-06,2.95909098270145
"SMP_210172",1340.84179997444,1.82742648433783e-05,420,4.66847996698302e-06,1.41545344823301
"SMP_210172",1343.99609017372,1.5679541272043e-05,421,2.04787738938188e-06,0.620903406003528
"SMP_210172",1347.15039014816,1.63680612882384e-05,422,2.71074667627468e-06,0.82188115989684
"SMP_210172",1350.3046901226,1.13398146924538e-05,423,-2.34290742859549e-06,-0.710354638372657
"SMP_210172",1353.4609401226,1.67300705262484e-05,424,3.02218351426364e-06,0.916306829355831
"SMP_210172",1356.61524009705,1.61905788624187e-05,425,2.45781554326552e-06,0.745194048264087
"SMP_210172",1359.76953005791,1.65608655583994e-05,426,2.80351382721684e-06,0.850007570337172
"SMP_210172",1362.92578005791,2.38165387815081e-05,427,1.00348863229041e-05,3.04251374083974
"SMP_210172",1366.08008003235,2.80785171274582e-05,428,1.42728966023683e-05,4.32745151633397
"SMP_210172",1369.23633003235,2.13420484809855e-05,429,7.51277779829352e-06,2.27782646934546
"SMP_210172",1372.39063000679,2.35130588893304e-05,430,9.66050005184207e-06,2.92900220344562
"SMP_210172",1375.54492020607,1.80077777235631e-05,431,4.13229295121248e-06,1.25288495361855
"SMP_210172",1378.70117020607,1.72290592126435e-05,432,3.33101162556657e-06,1.00994154946742
"SMP_210172",1381.85547018051,1.23632007377893e-05,433,-1.55700372192549e-06,-0.472073630538742
"SMP_210172",1385.00977015495,1.68474227011014e-05,434,2.90546811550219e-06,0.880919462416875
"SMP_210172",1388.16406011581,1.54987754658284e-05,435,1.53549243083832e-06,0.465551543829444
"SMP_210172",1391.32031011581,2.09239988120015e-05,436,6.93981095372814e-06,2.10410656445159
"SMP_210172",1394.47461009026,1.23216078170334e-05,437,-1.68302046840675e-06,-0.51028110697722
"SMP_210172",1397.6289100647,2.02688913793638e-05,438,6.24428887351566e-06,1.89322869119916
"SMP_210172",1400.7851600647,1.85560835720194e-05,439,4.51197601620051e-06,1.36800244525905
"SMP_210172",1403.93945002556,1.90545550588421e-05,440,4.99145065497322e-06,1.51337610769113
"SMP_210172",1407.09375,1.67305700603244e-05,441,2.64897955135135e-06,0.80315376027673
"SMP_210172",1410.25,2.17309458019641e-05,442,7.63138391694805e-06,2.3137870905366
"SMP_210172",1413.40429997444,2.03276192413174e-05,443,6.21063778619992e-06,1.88302589544664
"SMP_210172",1416.55859017372,1.53462685236618e-05,444,1.21242295121339e-06,0.367598931375702
"SMP_210172",1419.71484017372,1.69793207564954e-05,445,2.82917138400105e-06,0.857786778447795
"SMP_210172",1422.86914014816,1.66969802537151e-05,446,2.53112246791368e-06,0.767420241801692
"SMP_210172",1426.0234401226,2.01116702906677e-05,447,5.93070409023396e-06,1.798151778382
"SMP_210172",1429.17774009705,1.73539664868741e-05,448,3.15850673319887e-06,0.957639162723599
"SMP_210172",1432.33399009705,2.29780277610981e-05,449,8.76869580534257e-06,2.65861282515033
"SMP_210172",1435.48828005791,1.61128579505462e-05,450,1.89030719649268e-06,0.57312912520097
"SMP_210172",1438.64258003235,2.30243622351079e-05,451,8.7892520984412e-06,2.66484536254047
"SMP_210172",1441.79883003235,2.01628246839175e-05,452,5.91582235017951e-06,1.79363972940145
"SMP_210172",1444.95313000679,1.81071722933054e-05,453,3.84897451312127e-06,1.16698460425851
"SMP_210172",1448.10742020607,1.37883444035375e-05,454,-4.80344735669695e-07,-0.145637470279995
"SMP_210172",1451.26367020607,1.62739727468526e-05,455,1.99550531766345e-06,0.60502452679033
"SMP_210172",1454.41797018051,1.23922154349144e-05,456,-1.89529022859069e-06,-0.574639948855708
"SMP_210172",1457.57422018051,1.43366571314566e-05,457,4.08569968471356e-08,0.0123875817141176
"SMP_210172",1460.72852015495,1.7671530778701e-05,458,3.36820505571707e-06,1.02121836104859
"SMP_210172",1463.88281011581,2.14350769480674e-05,459,7.12500404480458e-06,2.1602559323844
"SMP_210172",1467.03711009026,1.06706908078146e-05,460,-3.64533604779389e-06,-1.10524271611097
"SMP_210172",1470.1914100647,1.26170358900669e-05,461,-1.70413680457495e-06,-0.516683445865831
"SMP_210172",1473.3476600647,1.61394843378108e-05,462,1.81398636532835e-06,0.549989134367216
"SMP_210172",1476.50195002556,1.33044345172059e-05,463,-1.02454794726233e-06,-0.310636424508362
"SMP_210172",1479.65820002556,1.15186011426795e-05,464,-2.81301447577234e-06,-0.852888106583109
"SMP_210172",1482.8125,1.41624299428731e-05,465,-1.70949355104053e-07,-0.0518307577341095
"SMP_210172",1485.96679997444,1.07957650239461e-05,466,-3.53849550833458e-06,-1.07284934373746
"SMP_210172",1489.12304997444,1.09930443970453e-05,467,-3.34119977106375e-06,-1.01303053041562
"SMP_210172",1492.27734017372,1.25304760178819e-05,468,-1.80283934173425e-06,-0.54660942767566
"SMP_210172",1495.43164014816,1.18026312862513e-05,469,-2.52882822090237e-06,-0.766724640692504
"SMP_210172",1498.58789014816,1.29665383279876e-05,470,-1.36212139747436e-06,-0.412986548641659
"SMP_210172",1501.7421901226,1.1277937526545e-05,471,-3.04696707719961e-06,-0.923821048087689
"SMP_210172",1504.89649009705,1.30511504640579e-05,472,-1.26902737812063e-06,-0.384761033776859
"SMP_210172",1508.05078005791,1.47197379582372e-05,473,4.05273360470623e-07,0.122876306552053
"SMP_210172",1511.20703005791,1.29428803051899e-05,474,-1.36486520252142e-06,-0.413818452889424
"SMP_210172",1514.36133003235,1.19760997362965e-05,475,-2.32406312108027e-06,-0.70464116412823
"SMP_210172",1517.51563000679,1.08759081886113e-05,476,-3.41595461863849e-06,-1.03569572498005
"SMP_210172",1520.67188000679,9.18742195688751e-06,477,-5.09542679164447e-06,-1.54490101134844
"SMP_210172",1523.82617020607,1.21545984234347e-05,478,-2.11854260936519e-06,-0.642328651480196
"SMP_210172",1526.98047018051,1.06115782765247e-05,479,-3.65116514953121e-06,-1.10701006270184
"SMP_210172",1530.13672018051,1.43835309028785e-05,480,1.3187282556378e-07,0.0399830023889148
"SMP_210172",1533.29102015495,1.32494365464899e-05,481,-9.90471319914757e-07,-0.300304607723369
"SMP_210172",1536.44727015495,1.88927872076585e-05,482,4.66529975289311e-06,1.41448922753772
"SMP_210172",1539.60156011581,1.73038408493223e-05,483,3.08941943490733e-06,0.93669233307295
"SMP_210172",1542.75586009026,1.62829153681129e-05,484,2.08220399828181e-06,0.63131101560605
"SMP_210172",1545.9101600647,1.68040891740981e-05,485,2.6177226352565e-06,0.79367686201852
"SMP_210172",1549.06445002556,1.3918792478878e-05,486,-2.52603668457145e-07,-0.07658782646229
"SMP_210172",1552.22070002556,1.47646848487966e-05,487,6.0888539593324e-07,0.184610181332617
"SMP_210172",1555.375,1.34913536379079e-05,488,-6.48251318371697e-07,-0.196545678764856
"SMP_210172",1558.53125,9.91409471940779e-06,489,-4.20870710459575e-06,-1.27605323915584
"SMP_210172",1561.68554997444,1.16531858384409e-05,490,-2.45223416265765e-06,-0.74350180914489
"SMP_210172",1564.83984017372,9.84279295513136e-06,491,-4.24466556880861e-06,-1.28695561691545
"SMP_210172",1567.99609017372,7.74369385140976e-06,492,-6.32522097583591e-06,-1.91776679013331
"SMP_210172",1571.15039014816,1.13533807218272e-05,493,-2.6964403397664e-06,-0.817543569613613
"SMP_210172",1574.3046901226,1.33321024822738e-05,494,-6.98072640649064e-07,-0.211651186962764
"SMP_210172",1577.4609401226,1.34009744437004e-05,495,-6.08999097821344e-07,-0.184644655022282
"SMP_210172",1580.61524009705,1.05182249290152e-05,496,-3.4710255327652e-06,-1.05239287605477
"SMP_210172",1583.76953005791,1.45545952266873e-05,497,5.86592411576387e-07,0.177851090193215
"SMP_210172",1586.92383003235,1.56935164142719e-05,498,1.74727677030791e-06,0.529763209233185
"SMP_210172",1590.08008003235,1.08220014897118e-05,499,-3.10195478069652e-06,-0.940492970228424
"SMP_210172",1593.23438000679,8.92653939593336e-06,500,-4.97465001528758e-06,-1.50828226054093
"SMP_210172",1596.38867020607,8.10306058398915e-06,501,-5.77487412081955e-06,-1.75090512227431
"SMP_210172",1599.54492020607,6.34752170108023e-06,502,-7.50666466479138e-06,-2.2759730061291
"SMP_210172",1602.69922018051,6.07673258939758e-06,503,-7.75325040330304e-06,-2.3507362344882
"SMP_210172",1605.85352015495,1.08786238365332e-05,504,-2.92669540074491e-06,-0.887355440359575
"SMP_210172",1609.00977015495,1.32759494564808e-05,505,-5.04239156474944e-07,-0.152882106770141
"SMP_210172",1612.16406011581,1.05586685499146e-05,506,-3.19596288665433e-06,-0.968995630340689
"SMP_210172",1615.32031011581,1.09549312633442e-05,507,-2.77369387256273e-06,-0.840966349652961
"SMP_210172",1618.4726600647,1.73948731137946e-05,508,3.69264554688984e-06,1.11958665548805
"SMP_210172",1621.6289100647,1.20368457239182e-05,509,-1.63853687305285e-06,-0.496793963650315
"SMP_210172",1624.78320002556,1.41060452510321e-05,510,4.57896385106037e-07,0.13883127309436
"SMP_210172",1627.9375,9.74024621569961e-06,511,-3.8802727040643e-06,-1.1764740167883
"SMP_210172",1631.09375,9.86402142314007e-06,512,-3.72846316037442e-06,-1.13044632820225
"SMP_210172",1634.24804997444,8.9281609140955e-06,513,-4.63592876609251e-06,-1.40558413105259
"SMP_210172",1637.40429997444,8.55758067136304e-06,514,-4.97772761996954e-06,-1.50921537071601
"SMP_210172",1640.55859017372,1.39328754069262e-05,515,4.26690153065147e-07,0.129369741919111
"SMP_210172",1643.71289014816,1.19507216320874e-05,516,-1.52599026352299e-06,-0.462670547105181
"SMP_210172",1646.86914014816,9.01669107258444e-06,517,-4.43018787586058e-06,-1.3432048010392
"SMP_210172",1650.0234401226,1.28167464199948e-05,518,-5.99986037851542e-07,-0.181911952535902
"SMP_210172",1653.17774009705,1.19332132467611e-05,519,-1.45305002722235e-06,-0.440555531143488
"SMP_210172",1656.33399009705,1.31890833280871e-05,520,-1.6637812084415e-07,-0.0504447885660674
"SMP_210172",1659.48828005791,1.33053093540597e-05,521,-1.90649704768501e-08,-0.00578037785162805
"SMP_210172",1662.64258003235,1.24321786572187e-05,522,-8.60813289234051e-07,-0.260993117063442
"SMP_210172",1665.79688000679,1.52513546490998e-05,523,1.99003105882892e-06,0.603364766311832
"SMP_210172",1668.95313000679,1.17969626049285e-05,524,-1.43239599584831e-06,-0.434293360129572
"SMP_210172",1672.10742020607,1.32834108937241e-05,525,8.62651355604137e-08,0.0261550407102174
"SMP_210172",1675.26172018051,1.19715266089212e-05,526,-1.19314776689989e-06,-0.361754818025142
"SMP_210172",1678.41797018051,1.77823636772167e-05,527,4.65043025016279e-06,1.40998088883605
"SMP_210172",1681.57227015495,1.54515460293665e-05,528,2.35257347872246e-06,0.713285323323599
"SMP_210172",1684.72656011581,2.47305443500454e-05,529,1.16647634725813e-05,3.53668213141284
"SMP_210172",1687.88281011581,1.89581612786572e-05,530,5.92581462783596e-06,1.79666932446548
"SMP_210172",1691.03711009026,2.24012432802161e-05,531,9.40252280905501e-06,2.85078514340658
"SMP_210172",1694.1914100647,2.36012310187999e-05,532,1.063634009201e-05,3.22487070016152
"SMP_210172",1697.34570002556,1.66869495145277e-05,533,3.75608221113012e-06,1.13882024881572
"SMP_210172",1700.50195002556,1.86901113809104e-05,534,5.7934740221709e-06,1.75654449412356
"SMP_210172",1703.65625,1.43296217867912e-05,535,1.46736910759359e-06,0.444896985284952
"SMP_210172",1706.81054997444,1.73680791028027e-05,536,4.54037775269206e-06,1.37661367121205
"SMP_210172",1709.96679997444,1.50145634658584e-05,537,2.22159242120373e-06,0.673572699336929
"SMP_210172",1713.12109017372,2.22653834747073e-05,538,9.507269506685e-06,2.88254367624809
"SMP_210172",1716.27539014816,1.76528075111672e-05,539,4.92968983933327e-06,1.49465062100563
"SMP_210172",1719.43164014816,1.93204823408927e-05,540,6.63251265337213e-06,2.01093567329402
"SMP_210172",1722.5859401226,1.87909738798522e-05,541,6.13825125171099e-06,1.86107875835435
"SMP_210172",1725.7421901226,2.01048618689832e-05,542,7.48751976590732e-06,2.27016839449252
"SMP_210172",1728.89649009705,1.82080847647084e-05,543,5.62620375198368e-06,1.70582921154811
"SMP_210172",1732.05078005791,2.08532020037995e-05,544,8.30687518192713e-06,2.51859174794714
"SMP_210172",1735.20508003235,1.55660112741478e-05,545,3.05532279201285e-06,0.926354447701376
"SMP_210172",1738.36133003235,1.45480893203179e-05,546,2.07313613628078e-06,0.62856169749218
"SMP_210172",1741.51563000679,1.5847722250645e-05,547,3.408547984287e-06,1.03345008052902
"SMP_210172",1744.66992020607,1.65272514517342e-05,548,4.12391249026694e-06,1.25034405113487
"SMP_210172",1747.82617020607,1.95733845428104e-05,549,7.20595051407202e-06,2.18479838728561
"SMP_210172",1750.98047018051,2.12898304421287e-05,550,8.95831731459685e-06,2.71610486132299
"SMP_210172",1754.13477015495,2.51301790382101e-05,551,1.28346157724418e-05,3.89137391192208
"SMP_210172",1757.29102015495,1.96760525926341e-05,552,7.41648121289201e-06,2.24862995681384
"SMP_210172",1760.44531011581,1.52886076490406e-05,553,3.06501640952374e-06,0.929293490907876
"SMP_210172",1763.59961009026,1.81711980590788e-05,554,5.98358849676886e-06,1.81418599425462
"SMP_210172",1766.75586009026,1.52830507404031e-05,555,3.13143733590409e-06,0.949431893545309
"SMP_210172",1769.9101600647,1.54367750483027e-05,556,3.32111862110595e-06,1.00694205340527
"SMP_210172",1773.06445002556,1.99441662333619e-05,557,7.86444055440964e-06,2.38444838146247
"SMP_210172",1776.21875,1.48658797138992e-05,558,2.82204960490861e-06,0.855627500300468
"SMP_210172",1779.375,1.71174166469128e-05,559,5.10945978603555e-06,1.54915572603938
"SMP_210172",1782.52929997444,1.62093994997553e-05,560,4.23724005590512e-06,1.28470424860747
"SMP_210172",1785.68359017372,1.02549307346306e-05,561,-1.6814942330365e-06,-0.509818362115314
"SMP_210172",1788.83984017372,1.39122243306691e-05,562,2.0114839653309e-06,0.609869151186054
"SMP_210172",1791.99414014816,1.36308198928434e-05,563,1.76566086900025e-06,0.535337151088086
"SMP_210172",1795.1484401226,1.31962905273419e-05,564,1.36662247699787e-06,0.414351247339604
"SMP_210172",1798.3046901226,1.09488594858011e-05,565,-8.45395289702493e-07,-0.256318477618454
"SMP_210172",1801.45899009705,9.68648946985774e-06,566,-2.07248267033183e-06,-0.628363570770574
"SMP_210172",1804.61524009705,1.03959842836346e-05,567,-1.32780142616079e-06,-0.402580951513128
"SMP_210172",1807.76953005791,1.30935584225429e-05,568,1.40481016663853e-06,0.425929512077637
"SMP_210172",1810.92383003235,8.41083272891591e-06,569,-3.24301422787712e-06,-0.983261297891754
"SMP_210172",1814.07813000679,9.18970174843073e-06,570,-2.42938935284738e-06,-0.736575408035992
"SMP_210172",1817.23242020607,1.39065897106097e-05,571,2.32209973688977e-06,0.704045878523001
"SMP_210172",1820.38867020607,1.08495439631481e-05,572,-7.00487336793592e-07,-0.212383307483443
"SMP_210172",1823.54297018051,9.22232958305674e-06,573,-2.29343736566555e-06,-0.695355629775916
"SMP_210172",1826.69922018051,1.3289718624867e-05,574,1.80805488038143e-06,0.54819074583805
"SMP_210172",1829.85352015495,1.50251651513679e-05,575,3.57739214207021e-06,1.08464255581829
"SMP_210172",1833.00781011581,1.28622339017116e-05,576,1.44815100177998e-06,0.439070177772707
"SMP_210172",1836.16406011581,1.2404217483777e-05,577,1.02363573524015e-06,0.310359847622212
"SMP_210172",1839.31836009026,1.42104366742818e-05,578,2.8631164337594e-06,0.86807870174418
"SMP_210172",1842.4726600647,1.18330217266406e-05,579,5.18734937149369e-07,0.157277135320238
"SMP_210172",1845.6289100647,1.02824535503998e-05,580,-9.99016822683637e-07,-0.302895549838713
"SMP_210172",1848.78320002556,1.0859721592544e-05,581,-3.89199233719787e-07,-0.118002733505212
"SMP_210172",1851.9375,1.08247243536322e-05,582,-3.91902416853353e-07,-0.118822321447041
"SMP_210172",1855.09179997444,1.45286576235144e-05,583,3.3440601366577e-06,1.01389777508023
"SMP_210172",1858.24804997444,1.45942111300845e-05,584,3.44138852222547e-06,1.04340712286305
"SMP_210172",1861.40234017372,1.7390089064627e-05,585,6.2687383890025e-06,1.900641628868
"SMP_210172",1864.55664014816,1.39157266546913e-05,586,2.82555569934082e-06,0.856690525843899
"SMP_210172",1867.71289014816,1.02835002186287e-05,587,-7.7577350961699e-07,-0.235209596485602
"SMP_210172",1870.8671901226,8.25807177266481e-06,588,-2.77063458221465e-06,-0.840038792267481
"SMP_210172",1874.02149009705,1.16525086510593e-05,589,6.54049821795682e-07,0.198303748141638
"SMP_210172",1877.17774009705,1.30774274736957e-05,590,2.10890553722846e-06,0.639406752471679
"SMP_210172",1880.33203005791,8.88565519442891e-06,591,-2.05328674934196e-06,-0.622543489555858
"SMP_210172",1883.48828005791,1.27193625333991e-05,592,1.80967125389822e-06,0.548680820012976
"SMP_210172",1886.64258003235,9.93787694766685e-06,593,-9.42938416414339e-07,-0.285892933551042
"SMP_210172",1889.79688000679,1.3859812171104e-05,594,3.00790151766828e-06,0.911976618779469
"SMP_210172",1892.95117020607,1.25892865946192e-05,595,1.76669558777115e-06,0.535650871241664
"SMP_210172",1896.10547018051,1.53386766681806e-05,596,4.54581255082163e-06,1.37826146745566
"SMP_210172",1899.26172018051,1.16614084873812e-05,597,8.9868928362975e-07,0.272476877784663
"SMP_210172",1902.41602015495,1.60347030507408e-05,598,5.3025016570167e-06,1.60768479414422
"SMP_210172",1905.57227015495,1.01960306274603e-05,599,-5.05250212211459e-07,-0.153188652442121
"SMP_210172",1908.72656011581,1.0763558577729e-05,600,9.35548501284641e-08,0.0283652358261771
"SMP_210172",1911.88086009026,8.47656779502374e-06,601,-2.16179095276117e-06,-0.655441274266017
"SMP_210172",1915.03711009026,5.81513209719892e-06,602,-4.79120188102888e-06,-1.45266195242248
"SMP_210172",1918.1914100647,9.06055220734859e-06,603,-1.51342466214154e-06,-0.45886073664647
"SMP_210172",1921.34570002556,8.42511161788318e-06,604,-2.11616410739748e-06,-0.641607504803841
"SMP_210172",1924.50195002556,1.4482455087504e-05,605,3.97423740132898e-06,1.20496351566076
"SMP_210172",1927.65625,9.51529662526856e-06,606,-9.59554957505897e-07,-0.290930963177836
"SMP_210172",1930.81054997444,8.35186933870283e-06,607,-2.08929563004555e-06,-0.633461153274965
"SMP_210172",1933.96484017372,1.41996314308516e-05,608,3.79246560613049e-06,1.1498514628888
"SMP_210172",1937.12109017372,1.01593670174027e-05,609,-2.13473497544905e-07,-0.0647238073941157
"SMP_210172",1940.27539014816,8.23013224682853e-06,610,-2.10810719072858e-06,-0.639164698888044
"SMP_210172",1943.4296901226,9.37695183182544e-06,611,-9.26397521697684e-07,-0.280877839424232
"SMP_210172",1946.5859401226,1.11031200089514e-05,612,8.34963699911893e-07,0.253155685908072
"SMP_210172",1949.74024009705,8.15783475497739e-06,613,-2.07487691459966e-06,-0.629089490412251
"SMP_210172",1952.89453005791,1.05399640150347e-05,614,3.42962248564267e-07,0.103983973536842
"SMP_210172",1956.05078005791,1.22646581534653e-05,615,2.1036462192769e-06,0.637812160702509
"SMP_210172",1959.20508003235,1.42804845731292e-05,616,4.15568993742136e-06,1.25997877110129
"SMP_210172",1962.36133003235,1.60002579924974e-05,617,5.91194501605647e-06,1.79246414634374
"SMP_210172",1965.51367020607,1.23851813523239e-05,618,2.333538569401e-06,0.707514059823186
"SMP_210172",1968.66992020607,1.14405971666768e-05,619,1.42589619385483e-06,0.432322661484709
"SMP_210172",1971.82422018051,1.20411732186575e-05,620,2.06360942025444e-06,0.625673257754795
"SMP_210172",1974.97852015495,4.69058050924809e-06,621,-5.24963587049346e-06,-1.59165622374078
"SMP_210172",1978.13477015495,1.10272637475579e-05,622,1.12462043062703e-06,0.34097776529885
"SMP_210172",1981.28906011581,9.52427995027614e-06,623,-3.40619086181645e-07,-0.103273541598029
"SMP_210172",1984.44531011581,9.248722357146e-06,624,-5.78222158777592e-07,-0.175313282754728
"SMP_210172",1987.59961009026,9.15144311473779e-06,625,-6.37391537824206e-07,-0.193253062339015
"SMP_210172",1990.7539100647,1.24737802464671e-05,626,2.72322631787479e-06,0.8256649078963
"SMP_210172",1993.9101600647,1.30998031026852e-05,627,3.38771669902908e-06,1.02713416726432
"SMP_210172",1997.06445002556,1.0899745443007e-05,628,1.22625783086592e-06,0.371793578937341
"SMP_210172",2000.21875,9.23216253650359e-06,629,-4.02578930417959e-07,-0.122059372488709
"SMP_210172",2003.375,1.1382049489355e-05,630,1.78621760523531e-06,0.541569822834377
"SMP_210172",2006.52929997444,7.064101835961e-06,631,-2.4927129856223e-06,-0.755774730941908
"SMP_210172",2009.68359017372,9.93160134110089e-06,632,4.13927062763195e-07,0.12550005407515
"SMP_210172",2012.83789014816,1.0452667680226e-05,633,9.74249793672385e-07,0.29538634408772
"SMP_210172",2015.99414014816,7.36551940496212e-06,634,-2.07350986998704e-06,-0.628675011176076
"SMP_210172",2019.1484401226,4.81794445488158e-06,635,-4.58162053840701e-06,-1.38911822165841
"SMP_210172",2022.30274009705,7.33309096685884e-06,636,-2.02691764656181e-06,-0.614548545222596
"SMP_210172",2025.45899009705,1.13427901709622e-05,637,2.02244669154778e-06,0.613192980084423
"SMP_210172",2028.61328005791,1.02739181081537e-05,638,9.93291499234158e-07,0.301159668164993
"SMP_210172",2031.76758003235,8.17511050406469e-06,639,-1.06573063938177e-06,-0.32312275495858
"SMP_210172",2034.92383003235,7.17768628262179e-06,640,-2.02328415070303e-06,-0.613446892376524
"SMP_210172",2038.07813000679,9.41536141112788e-06,641,2.54289787099203e-07,0.0770990469158233
"SMP_210172",2041.23242020607,9.99106285392166e-06,642,8.6993475513096e-07,0.263758687537779
"SMP_210172",2044.38672018051,9.23411087941863e-06,643,1.52963394613892e-07,0.0463775288511263
"SMP_210172",2047.54297018051,5.71535732021066e-06,644,-3.32575571851872e-06,-1.00834799186257
"SMP_210172",2050.69727015495,6.14985147869669e-06,645,-2.85123062966395e-06,-0.864475001501079
"SMP_210172",2053.85156011581,5.53065881907811e-06,646,-3.43037915024409e-06,-1.04006915126541
"SMP_210172",2057.00781011581,3.93917913962186e-06,647,-4.98178434322846e-06,-1.51044534341933
"SMP_210172",2060.16211009026,5.09855404742687e-06,648,-3.78236212589706e-06,-1.14678815191035
"SMP_210172",2063.3164100647,7.29299419691254e-06,649,-1.54788496027579e-06,-0.46930887997497
"SMP_210172",2066.4726600647,4.70278251894034e-06,650,-4.09805305740598e-06,-1.24250363548111
"SMP_210172",2069.62695002556,5.60968651895613e-06,651,-3.15115639783592e-06,-0.955410587767994
"SMP_210172",2072.78320002556,7.46586542136201e-06,652,-1.25499394053149e-06,-0.380506184711084
"SMP_210172",2075.9375,5.06642793430093e-06,653,-3.61451438926746e-06,-1.09589778518055
"SMP_210172",2079.09179997444,7.49198909056661e-06,654,-1.14908587170163e-06,-0.34839553150466
"SMP_210172",2082.24609017372,4.80090443499515e-06,655,-3.80036084105557e-06,-1.15224524792769
"SMP_210172",2085.40039014816,5.28064430222008e-06,656,-3.28087659071913e-06,-0.994740925612553
"SMP_210172",2088.55664014816,2.7437370079306e-06,657,-5.77808830241543e-06,-1.75187964170148
"SMP_210172",2091.7109401226,6.47979670835421e-06,658,-2.002438748993e-06,-0.607126699093285
"SMP_210172",2094.8671901226,5.64420911388398e-06,659,-2.79850115556484e-06,-0.848487760158084
"SMP_210172",2098.02149009705,7.466546098741e-06,660,-9.3676036643591e-07,-0.284019788071749
"SMP_210172",2101.17578005791,4.81681365435245e-06,661,-3.54719394136482e-06,-1.07548665333586
"SMP_210172",2104.33203005791,4.6916921457204e-06,662,-3.63310495163473e-06,-1.10153432550919
"SMP_210172",2107.48633003235,3.21783136112389e-06,663,-5.06790006357198e-06,-1.53655508238563
"SMP_210172",2110.64063000679,6.0513002117396e-06,664,-2.19549397972292e-06,-0.665659817789021
"SMP_210172",2113.79688000679,5.13098073831858e-06,665,-3.07698859071976e-06,-0.932923380138764
"SMP_210172",2116.95117020607,3.17168776505737e-06,666,-4.9976250450933e-06,-1.51524814352463
"SMP_210172",2120.10547018051,4.26905181661438e-06,667,-3.86175642324784e-06,-1.17085999815366
"SMP_210172",2123.25977015495,6.03487808726957e-06,668,-2.0575855257122e-06,-0.623846851223782
"SMP_210172",2126.41602015495,4.40118921494297e-06,669,-3.65307404152609e-06,-1.10758882661976
"SMP_210172",2129.57031011581,5.09956239397453e-06,670,-2.91669997818491e-06,-0.884324891780775
"SMP_210172",2132.72461009026,3.97168850374143e-06,671,-4.00675643579292e-06,-1.21482308018513
"SMP_210172",2135.88086009026,7.00802274919621e-06,672,-9.3277300511183e-07,-0.28281084546614
"SMP_210172",2139.0351600647,3.09849277846938e-06,673,-4.80487643843618e-06,-1.45680799129854
"SMP_210172",2142.18945002556,4.42675636388576e-06,674,-3.43939363526278e-06,-1.04280228581756
"SMP_210172",2145.34570002556,2.44779339241812e-06,675,-5.3813295387467e-06,-1.63158490677205
"SMP_210172",2148.5,3.09510056458036e-06,676,-4.69724119856281e-06,-1.42417367081144
"SMP_210172",2151.65625,4.57685788642772e-06,677,-3.1789110168865e-06,-0.963825611826656
"SMP_210172",2154.81054997444,6.18029755060169e-06,678,-1.53915987152946e-06,-0.4666634885329
"SMP_210172",2157.96484017372,5.93130644217649e-06,679,-1.75208619560752e-06,-0.531221396410275
"SMP_210172",2161.11914014816,6.0613223472912e-06,680,-1.58625985421591e-06,-0.48094390386653
"SMP_210172",2164.2734401226,5.72187460492921e-06,681,-1.8901594953069e-06,-0.573084343140387
"SMP_210172",2167.4296901226,3.23980936928148e-06,682,-4.33692511546357e-06,-1.31492812496277
"SMP_210172",2170.58399009705,5.26011941737859e-06,683,-2.2816154348116e-06,-0.691771295493594
"SMP_210172",2173.74024009705,3.22372690724413e-06,684,-4.28327290629088e-06,-1.29866111621134
"SMP_210172",2176.89453005791,2.38639093695357e-06,685,-5.0861893401505e-06,-1.5421002747784
"SMP_210172",2180.04883003235,4.08448671822733e-06,686,-3.35397563134748e-06,-1.01690409003688
"SMP_210172",2183.20508003235,3.07752519544635e-06,687,-4.32710801669247e-06,-1.31195164302315
"SMP_210172",2186.35938000679,2.36571036450659e-06,688,-5.00543218043531e-06,-1.51761521732999
"SMP_210172",2189.51367020607,3.42258284053971e-06,689,-3.91539448733432e-06,-1.18712271820487
"SMP_210172",2192.66992020607,5.63955953762721e-06,690,-1.66556550001169e-06,-0.504988871521929
"SMP_210172",2195.82422018051,5.52997995937511e-06,691,-1.74265429124381e-06,-0.528361702966278
"SMP_210172",2198.97852015495,9.17925606373672e-06,692,1.9387636230781e-06,0.58782080570179
"SMP_210172",2202.13281011581,3.52535916444911e-06,693,-3.6833484184226e-06,-1.11676782523908
"SMP_210172",2205.28906011581,3.64974962773584e-06,694,-3.52751841255179e-06,-1.06952115807805
"SMP_210172",2208.44336009026,2.79261960381813e-06,695,-4.35360103798233e-06,-1.3199841586608
"SMP_210172",2211.5976600647,5.75021818741637e-06,696,-1.36533553693817e-06,-0.413961055294645
"SMP_210172",2214.7539100647,4.19731950521699e-06,697,-2.88793706069392e-06,-0.875604158044784
"SMP_210172",2217.90820002556,3.49189487640946e-06,698,-3.56347970010743e-06,-1.08042439185725
"SMP_210172",2221.0625,2.61923720314234e-06,699,-4.40665939872243e-06,-1.3360711163426
"SMP_210172",2224.21875,6.70234592065835e-06,700,-2.94466851688331e-07,-0.0892804774916755
"SMP_210172",2227.37304997444,6.75285731427928e-06,701,-2.15309590243086e-07,-0.0652804990280729
"SMP_210172",2230.52929997444,6.40821949048339e-06,702,-5.31711974816718e-07,-0.161211690645313
"SMP_210172",2233.68359017372,4.47576944292212e-06,703,-2.43637986540974e-06,-0.738694887005869
"SMP_210172",2236.83789014816,5.17924064424911e-06,704,-1.70556991421141e-06,-0.517117955597259
"SMP_210172",2239.9921901226,5.04953814898295e-06,705,-1.80838502826382e-06,-0.548290844577223
"SMP_210172",2243.14649009705,5.67208881219766e-06,706,-1.15940622727738e-06,-0.351524597708219
"SMP_210172",2246.30274009705,3.64375808329744e-06,707,-3.16176003332576e-06,-0.958625542640683
"SMP_210172",2249.45703005791,2.0746706372805e-06,708,-4.70536182903511e-06,-1.42663579434739
"SMP_210172",2252.61328005791,5.16276098842644e-06,709,-1.59225331246789e-06,-0.482761082307823
"SMP_210172",2255.76758003235,3.22699710216348e-06,710,-3.50350539264278e-06,-1.06224056309359
"SMP_210172",2258.92188000679,3.80825840257531e-06,711,-2.89823091321932e-06,-0.87872518869196
"SMP_210172",2262.07813000679,5.24688587214248e-06,712,-1.43581022152566e-06,-0.435328531650542
"SMP_210172",2265.23242020607,4.38522802920616e-06,713,-2.27365638699024e-06,-0.689358162790214
"SMP_210172",2268.38672018051,3.81767973074034e-06,714,-2.81736169854757e-06,-0.85420615689305
"SMP_210172",2271.54297018051,5.22690444309516e-06,715,-1.38424997983526e-06,-0.419695794141
"SMP_210172",2274.69727015495,2.0933646579749e-06,716,-4.49389023936866e-06,-1.3625189526958
"SMP_210172",2277.85156011581,2.51537548005824e-06,717,-4.04795468217511e-06,-1.22731412658893
"SMP_210172",2281.00586009026,2.01627924630783e-06,718,-4.52310280236949e-06,-1.37137601609196
"SMP_210172",2284.16211009026,3.63303703043654e-06,719,-2.88236076076448e-06,-0.87391345935499
"SMP_210172",2287.3164100647,1.17982935295091e-06,720,-5.31157965724238e-06,-1.61043718610336
"SMP_210172",2290.47070002556,1.41216114102291e-06,721,-5.05524181204599e-06,-1.53271718099207
"SMP_210172",2293.62695002556,3.08901297471215e-06,722,-3.35435362095515e-06,-1.01701869408303
"SMP_210172",2296.78125,6.08641826590687e-06,723,-3.32913433031278e-07,-0.100937236548053
"SMP_210172",2299.93554997444,4.70103234228095e-06,724,-1.69425305775225e-06,-0.513686756660654
"SMP_210172",2303.09179997444,5.02134912796925e-06,725,-1.34986567993476e-06,-0.409270692993849
"SMP_210172",2306.24609017372,4.39975963036002e-06,726,-1.94739209384082e-06,-0.590436903185432
"SMP_210172",2309.40039014816,3.7781701327508e-06,727,-2.54491298118585e-06,-0.771601437758843
"SMP_210172",2312.5546901226,2.59440239944223e-06,728,-3.70460863521568e-06,-1.12321378781851
"SMP_210172",2315.7109401226,2.65227475367327e-06,729,-3.62264783306328e-06,-1.09836379363474
"SMP_210172",2318.86524009705,4.16228347367809e-06,730,-2.08856604562724e-06,-0.633239947917337
"SMP_210172",2322.01953005791,1.68375585478303e-06,731,-4.54302315466665e-06,-1.3774157402738
"SMP_210172",2325.17578005791,4.93631821119946e-06,732,-1.26637979995049e-06,-0.383958304906456
"SMP_210172",2328.33008003235,3.21482921311081e-06,733,-2.96380912764201e-06,-0.898608086420993
"SMP_210172",2331.48633003235,3.96198585611569e-06,734,-2.19258637983953e-06,-0.664778251988134
"SMP_210172",2334.64063000679,1.25052719881943e-06,735,-4.88000421946209e-06,-1.47958625691461
"SMP_210172",2337.79492020607,3.48792885974188e-06,736,-2.61857421384853e-06,-0.793935055234097
"SMP_210172",2340.95117020607,1.24018723545746e-06,737,-4.84228695957175e-06,-1.46815062348633
"SMP_210172",2344.10547018051,3.66943992671877e-06,738,-2.3890366058888e-06,-0.724340711682546
"SMP_210172",2347.25977015495,3.29697743025383e-06,739,-2.73751978864787e-06,-0.829998597370402
"SMP_210172",2350.41406011581,3.30158332224291e-06,740,-2.70895499067941e-06,-0.821337932214186
"SMP_210172",2353.57031011581,2.19445385104218e-06,741,-3.79213300386786e-06,-1.14975061999714
"SMP_210172",2356.72461009026,4.70750196422805e-06,742,-1.25517253658976e-06,-0.380560333900606
"SMP_210172",2359.8789100647,2.47845990658469e-06,743,-3.46032852201784e-06,-1.04914961039759
"SMP_210172",2363.0351600647,4.37417679566567e-06,744,-1.54073908555634e-06,-0.467142296186707
"SMP_210172",2366.18945002556,2.59784037827014e-06,745,-3.29324803835172e-06,-0.998491869888856
"SMP_210172",2369.34375,3.86168044420938e-06,746,-2.00561266417344e-06,-0.608089009999261
"SMP_210172",2372.5,3.60245398519706e-06,747,-2.24106335158742e-06,-0.679476161651605
"SMP_210172",2375.65429997444,3.55290724417518e-06,748,-2.266885220423e-06,-0.687305188131665
"SMP_210172",2378.80859017372,3.91115178669331e-06,749,-1.88495406129693e-06,-0.571506088639764
"SMP_210172",2381.96484017372,4.00312862411534e-06,750,-1.76931609328631e-06,-0.536445391855179
"SMP_210172",2385.11914014816,3.19133846068308e-06,751,-2.5575019067285e-06,-0.775418319954956
"SMP_210172",2388.2734401226,3.5103372434023e-06,752,-2.21494290642974e-06,-0.671556608728748
"SMP_210172",2391.42774009705,3.44720508119539e-06,753,-2.25456096645293e-06,-0.683568552673829
"SMP_210172",2394.58399009705,4.30947252894682e-06,754,-1.36881302322371e-06,-0.415015407029869
"SMP_210172",2397.73828005791,2.58549526614336e-06,755,-3.06937446941975e-06,-0.930614826963945
"SMP_210172",2400.89258003235,5.10060639722966e-06,756,-5.30899512881499e-07,-0.160965357351415
"SMP_210172",2404.04883003235,5.16740105515328e-06,757,-4.40780684809176e-07,-0.133641901569699
"SMP_210172",2407.20313000679,7.01618493362619e-06,758,1.43125690376357e-06,0.433947994650743
"SMP_210172",2410.35742020607,5.27183221941939e-06,759,-2.89900187888457e-07,-0.0878958940580598
"SMP_210172",2413.51367020607,6.45083343997223e-06,760,9.12251012254895e-07,0.276588707691233
"SMP_210172",2416.66797018051,6.51369256676895e-06,761,9.9818381419829e-07,0.302642986961432
"SMP_210172",2419.82422018051,2.97662139061799e-06,762,-2.5158634480546e-06,-0.762793803982756
"SMP_210172",2422.97852015495,2.94825793849321e-06,763,-2.52128318126094e-06,-0.764437032637407
"SMP_210172",2426.13281011581,4.29215243858151e-06,764,-1.15451296789152e-06,-0.350040992569117
"SMP_210172",2429.28711009026,3.87551449163183e-06,765,-1.54834504493539e-06,-0.46944837471898
"SMP_210172",2432.4414100647,4.40903219372396e-06,766,-9.92093372028218e-07,-0.300796403612705
"SMP_210172",2435.5976600647,3.91100900223241e-06,767,-1.46744248930635e-06,-0.44491923415377
"SMP_210172",2438.75195002556,4.54588831848859e-06,768,-8.09979068459378e-07,-0.245580504480198
"SMP_210172",2441.90820002556,5.8969769085899e-06,769,5.6362973797321e-07,0.170888953531574
"SMP_210172",2445.0625,3.59790329537827e-06,770,-1.71301743031562e-06,-0.51937599513583
"SMP_210172",2448.21679997444,3.55746660540823e-06,771,-1.73110949182594e-06,-0.524861393173637
"SMP_210172",2451.37304997444,5.45928681391238e-06,772,1.92985281269391e-07,0.0585119104639761
"SMP_210172",2454.52734017372,3.56418040683498e-06,773,-1.67994620146081e-06,-0.509349008782477
"SMP_210172",2457.68164014816,4.06031763575646e-06,774,-1.16172174597696e-06,-0.352226648258066
"SMP_210172",2460.83789014816,6.57773216552645e-06,775,1.37770383166325e-06,0.417711043629432
"SMP_210172",2463.9921901226,4.40741927032224e-06,776,-7.7070337653613e-07,-0.23367236436657
"SMP_210172",2467.14649009705,4.81787937207003e-06,777,-3.38431304604424e-07,-0.10261022013165
"SMP_210172",2470.30078005791,4.2771941706351e-06,778,-8.57400304447933e-07,-0.259958321772803
"SMP_210172",2473.45703005791,4.84387196818622e-06,779,-2.69090584753033e-07,-0.0815865546750674
"SMP_210172",2476.61133003235,2.97230470339214e-06,780,-2.11913898964682e-06,-0.642509470190367
"SMP_210172",2479.76563000679,1.30795591298081e-06,781,-3.76207057013994e-06,-1.1406358811992
"SMP_210172",2482.92188000679,3.67368617043239e-06,782,-1.3750135918946e-06,-0.416895380033564
"SMP_210172",2486.07617020607,2.0299966781527e-06,783,-2.99749525464024e-06,-0.908821505982494
"SMP_210172",2489.23047018051,7.21030663134979e-06,784,2.20391499382076e-06,0.668213015730688
"SMP_210172",2492.38672018051,3.08264098164909e-06,785,-1.90274700135557e-06,-0.576900794954949
"SMP_210172",2495.54102015495,4.7877859791779e-06,786,-1.76722927419779e-07,-0.0535812681573551
"SMP_210172",2498.69727015495,5.42237815280374e-06,787,4.78647574237123e-07,0.145122901722578
"SMP_210172",2501.85156011581,3.52509152538558e-06,788,-1.3979891978462e-06,-0.423861437701034
"SMP_210172",2505.00586009026,3.22627558951969e-06,789,-1.67627273016828e-06,-0.508235235639019
"SMP_210172",2508.1601600647,1.47550229976945e-06,790,-3.40663311689054e-06,-1.03286950490732
"SMP_210172",2511.31445002556,4.02034286240097e-06,791,-8.41501198953983e-07,-0.255137814058431
"SMP_210172",2514.47070002556,4.25507557442527e-06,792,-5.86588104023635e-07,-0.177849784170604
"SMP_210172",2517.625,3.62796932007337e-06,793,-1.19365193257332e-06,-0.361907677852321
"SMP_210172",2520.78125,5.69919283626651e-06,794,8.97498847605026e-07,0.272115945149627
"SMP_210172",2523.93554997444,3.70747841089914e-06,795,-1.07443008291947e-06,-0.325760370936422
"SMP_210172",2527.08984017372,8.8265877276044e-06,796,4.06433326705285e-06,1.2322800094044
"SMP_210172",2530.24609017372,4.85863388551983e-06,797,1.15912161765111e-07,0.0351438305878812
"SMP_210172",2533.40039014816,5.53699441703788e-06,798,8.13657952673219e-07,0.246695918786987
"SMP_210172",2536.5546901226,5.13699730025356e-06,799,4.32908744229547e-07,0.131255179228268
"SMP_210172",2539.7109401226,4.35121483108033e-06,800,-3.33753380995735e-07,-0.101191903431286
"SMP_210172",2542.86524009705,2.13448438568301e-06,801,-2.53151665708445e-06,-0.76753975745239
"SMP_210172",2546.01953005791,5.43555620949385e-06,802,7.88378975275152e-07,0.239031493539593
"SMP_210172",2549.17383003235,1.00566155035946e-05,803,5.42811685370056e-06,1.6457705232368
"SMP_210172",2552.33008003235,6.13516209943521e-06,804,1.52520617699109e-06,0.462432817053187
"SMP_210172",2555.48438000679,6.8720007656829e-06,805,2.28042681730473e-06,0.691410914221611
"SMP_210172",2558.63867020607,6.74187677393153e-06,806,2.16853350896616e-06,0.657485574444608
"SMP_210172",2561.79492020607,5.72795644161812e-06,807,1.17270182736587e-06,0.355555739134269
"SMP_210172",2564.94922018051,4.8682238003229e-06,808,3.30891411926839e-07,0.100324172603275
"SMP_210172",2568.10352015495,3.77573503181192e-06,809,-7.43832315296385e-07,-0.225525229419334
"SMP_210172",2571.25977015495,1.26670380457304e-06,810,-3.23524683428096e-06,-0.9809062735311
"SMP_210172",2574.41406011581,3.2768611029981e-06,811,-1.2076449680211e-06,-0.366150277245675
"SMP_210172",2577.57031011581,5.27397866406633e-06,812,8.06764714528632e-07,0.244605932802201
"SMP_210172",2580.72461009026,2.85622071037103e-06,813,-1.59387697086039e-06,-0.483253365210751
"SMP_210172",2583.8789100647,1.31608776963053e-06,814,-3.11706074523548e-06,-0.94507300264728
"SMP_210172",2587.03320002556,1.45561707906255e-06,815,-2.96075140736351e-06,-0.897681005070627
"SMP_210172",2590.1875,3.98305035633275e-06,816,-4.16709116019462e-07,-0.126343554936802
"SMP_210172",2593.34375,3.62985694003514e-06,817,-7.53456462160136e-07,-0.228443209567249
"SMP_210172",2596.49804997444,5.25211177006816e-06,818,8.85059188358702e-07,0.268344319545666
"SMP_210172",2599.65429997444,5.82211202456994e-06,819,1.47115313329572e-06,0.446044277822601
"SMP_210172",2602.80859017372,1.02087244892212e-05,820,5.87367023898974e-06,1.78085947725175
"SMP_210172",2605.96289014816,3.45246721303284e-06,821,-8.66863331866731e-07,-0.262827451529253
"SMP_210172",2609.11914014816,3.5515857285378e-06,822,-7.52194528826136e-07,-0.228060599402553
"SMP_210172",2612.2734401226,1.68509450351903e-06,823,-2.60333008297717e-06,-0.789313131661588
"SMP_210172",2615.42774009705,6.89268423347351e-06,824,2.61942838238525e-06,0.794194033704438
"SMP_210172",2618.58399009705,4.0081380373337e-06,825,-2.50128794932779e-07,-0.0758374605425947
"SMP_210172",2621.73828005791,5.64822305919887e-06,826,1.40474497719047e-06,0.425909747051395
"SMP_210172",2624.89258003235,6.2694813861502e-06,827,2.0405992160166e-06,0.618696710106879
"SMP_210172",2628.04688000679,2.0069636726632e-06,828,-2.20751745421658e-06,-0.669305258821684
"SMP_210172",2631.20313000679,4.96764878559864e-06,829,7.6738057027103e-07,0.232664910630234
"SMP_210172",2634.35742020607,3.06843783961861e-06,830,-1.11780644931395e-06,-0.338911809481537
"SMP_210172",2637.51172018051,2.16802942724682e-06,831,-2.00435239965033e-06,-0.607706905807419
"SMP_210172",2640.66797018051,4.97053007636517e-06,832,8.11858399312958e-07,0.246150305648005
"SMP_210172",2643.82227015495,4.08384395846504e-06,833,-6.12860467497937e-08,-0.0185815397761308
"SMP_210172",2646.97656011581,5.74980915662953e-06,834,1.61806159802057e-06,0.490585990422855
"SMP_210172",2650.13281011581,2.0053720246931e-06,835,-2.11314332626377e-06,-0.640691623167353
"SMP_210172",2653.28711009026,3.54916001078982e-06,836,-5.56288989447912e-07,-0.168663285244203
"SMP_210172",2656.4414100647,5.05897753576443e-06,837,9.66438028315112e-07,0.293017866491171
"SMP_210172",2659.59570002556,4.82999193514287e-06,838,7.50205797175608e-07,0.227457628608577
"SMP_210172",2662.75195002556,2.90723559399523e-06,839,-1.15994470154165e-06,-0.35168785968204
"SMP_210172",2665.90625,2.02173245590351e-06,840,-2.03300436625763e-06,-0.616393999940793
"SMP_210172",2669.06054997444,3.97782769392697e-07,841,-3.64466433739036e-06,-1.10503905778671
"SMP_210172",2672.21679997444,5.98173931395927e-06,842,1.9514363953348e-06,0.591663109688585
"SMP_210172",2675.37109017372,2.25439237625359e-06,843,-1.76392614915772e-06,-0.534811195059531
"SMP_210172",2678.52539014816,5.94367923246706e-06,844,1.93719370471534e-06,0.587344816434248
"SMP_210172",2681.68164014816,6.17418615486544e-06,845,2.17939014243101e-06,0.660777236694998
"SMP_210172",2684.8359401226,5.24176114195482e-06,846,1.258497493495e-06,0.381568439697361
"SMP_210172",2687.9921901226,1.03393747129912e-06,847,-2.9379359297386e-06,-0.890763497293867
"SMP_210172",2691.14649009705,1.42651738933591e-06,848,-2.53412118003927e-06,-0.76832943225521
"SMP_210172",2694.30078005791,3.01753334183832e-06,849,-9.32017988488498e-07,-0.282581929225624
"SMP_210172",2697.45508003235,3.53970486647683e-06,850,-3.98905972158796e-07,-0.120945754893707
"SMP_210172",2700.61133003235,2.93678378334558e-06,851,-9.91025943245608e-07,-0.300472765991515
"SMP_210172",2703.76563000679,5.21731906710834e-06,852,1.30015850167866e-06,0.394199792537573
"SMP_210172",2706.91992020607,5.20767509646476e-06,853,1.30101920214853e-06,0.394460751448522
"SMP_210172",2710.07617020607,4.20795946630904e-06,854,3.11670954053272e-07,0.0944966519614027
"SMP_210172",2713.23047018051,6.99013888806218e-06,855,3.10406840074295e-06,0.941133806390115
"SMP_210172",2716.38477015495,4.95011791419375e-06,856,1.07412331916293e-06,0.325667362115552
"SMP_210172",2719.54102015495,5.40993823289653e-06,857,1.54388427045517e-06,0.468095896253938
"SMP_210172",2722.69531011581,2.30781205838268e-06,858,-1.54844807001361e-06,-0.46947961126776
"SMP_210172",2725.84961009026,4.22333872331025e-06,859,3.76732652693993e-07,0.114222945388858
"SMP_210172",2729.00586009026,6.3728192149703e-06,860,2.53573400887743e-06,0.768818431706107
"SMP_210172",2732.1601600647,9.94830508823148e-06,861,6.12059656411953e-06,1.85572596930833
"SMP_210172",2735.31445002556,3.13730838506991e-06,862,-6.81160968682136e-07,-0.206523675530719
"SMP_210172",2738.46875,1.03676043170046e-06,863,-2.7726064297895e-06,-0.840636643917043
"SMP_210172",2741.625,1.71365395033253e-06,864,-2.08674085032806e-06,-0.632686560305481
"SMP_210172",2744.77929997444,1.78614281829194e-06,865,-2.0054206641232e-06,-0.60803079680458
"SMP_210172",2747.93359017372,4.05327625126083e-06,866,2.7040967777197e-07,0.0819864952928702
"SMP_210172",2751.08984017372,2.982092626081e-06,867,-7.92205366248859e-07,-0.240191630958265
"SMP_210172",2754.24414014816,3.18425542274986e-06,868,-5.8161215593546e-07,-0.176341108342615
"SMP_210172",2757.3984401226,3.98586907021467e-06,869,2.28299847668002e-07,0.0692190624996034
"SMP_210172",2760.5546901226,2.2720605034293e-06,870,-1.47733663708454e-06,-0.447919076862534
"SMP_210172",2763.70899009705,5.25120366702732e-06,871,1.50984301179094e-06,0.457774803028895
"SMP_210172",2766.86524009705,1.97733288440354e-06,872,-1.75611616990782e-06,-0.532443258999381
"SMP_210172",2770.01953005791,5.42303743403742e-06,873,1.69736607102801e-06,0.514630602496286
"SMP_210172",2773.17383003235,6.66144227937225e-06,874,2.94342045033033e-06,0.892426369071914
"SMP_210172",2776.32813000679,3.93598036683478e-06,875,2.25480664394743e-07,0.0683643040528377
"SMP_210172",2779.48242020607,2.55010696080697e-06,876,-1.15299727025589e-06,-0.349581442681358
"SMP_210172",2782.63867020607,5.15218760876565e-06,877,1.45635746996253e-06,0.441558326756734
"SMP_210172",2785.79297018051,1.95781363410339e-06,878,-1.73087202771162e-06,-0.524789395563746
"SMP_210172",2788.94922018051,1.75795119882541e-06,879,-1.92370999177026e-06,-0.583256640385923
"SMP_210172",2792.10352015495,3.68621955486761e-06,880,1.14549251294432e-08,0.00347306047972602
"SMP_210172",2795.25781011581,2.79679631410691e-06,881,-8.71194533309005e-07,-0.264140644272891
"SMP_210172",2798.41406011581,1.96897692191038e-06,882,-1.69235802918262e-06,-0.513112196045132
"SMP_210172",2801.56836009026,2.71985735578806e-06,883,-9.34947055839682e-07,-0.283470003826278
"SMP_210172",2804.7226600647,2.70610088215791e-06,884,-9.42293422160995e-07,-0.285697375393688
"SMP_210172",2807.8789100647,2.71407700518892e-06,885,-9.2802299713263e-07,-0.28137067324288
"SMP_210172",2811.03320002556,2.84001944292655e-06,886,-7.95909084465509e-07,-0.241314574776835
"SMP_210172",2814.1875,4.19831877281087e-06,887,5.68443633041013e-07,0.172348495913965
"SMP_210172",2817.34179997444,2.04757910744732e-06,888,-1.57635997692373e-06,-0.477942324005545
"SMP_210172",2820.49804997444,3.96284939015006e-06,889,3.44733365610068e-07,0.10452096496605
"SMP_210172",2823.65234017372,6.4191765744354e-06,890,2.80676417660436e-06,0.850993055608838
"SMP_210172",2826.80664014816,4.0556798505993e-06,891,4.48856090177373e-07,0.136090313141588
"SMP_210172",2829.96289014816,5.18894168755159e-06,892,1.58759568141858e-06,0.481348918182459
"SMP_210172",2833.1171901226,1.67900045313578e-06,893,-1.9169846752057e-06,-0.581217567156717
"SMP_210172",2836.27149009705,3.85703002725102e-06,894,2.66293094618021e-07,0.0807383734499138
"SMP_210172",2839.42774009705,1.6796973036165e-06,895,-1.90590019966543e-06,-0.577856824637461
"SMP_210172",2842.58203005791,2.24647615889433e-06,896,-1.33409627249358e-06,-0.404489508904581
"SMP_210172",2845.73828005791,5.01127329316033e-07,897,-3.07452736669189e-06,-0.932177152659638
"SMP_210172",2848.89258003235,5.19118209452451e-06,898,1.62033247986961e-06,0.491274507363376
"SMP_210172",2852.04688000679,4.42069721627618e-06,899,8.54543876167397e-07,0.259092270876599
"SMP_210172",2855.20117020607,3.56792098742226e-06,900,6.35587586443966e-09,0.00192706115748334
"SMP_210172",2858.35547018051,3.60488483209389e-06,901,4.78007063918823e-08,0.0144928703065825
"SMP_210172",2861.51172018051,6.60574568766806e-06,902,3.05303873719996e-06,0.925661936801957
"SMP_210172",2864.66602015495,2.94503157084587e-06,903,-6.0340664844614e-07,-0.182949059923195
"SMP_210172",2867.82227015495,2.91258319199896e-06,904,-6.31688686312128e-07,-0.19152399401386
"SMP_210172",2870.97656011581,2.54082704459301e-06,905,-9.99385268571812e-07,-0.303007260289779
"SMP_210172",2874.13086009026,2.40364915566795e-06,906,-1.13260696110316e-06,-0.343399230568447
"SMP_210172",2877.28711009026,-1.81562347637158e-07,907,-3.71396252419702e-06,-1.12604982749452
"SMP_210172",2880.4414100647,4.68054524590375e-06,908,1.15189676400591e-06,0.349247776182337
"SMP_210172",2883.59570002556,2.48059976480716e-06,909,-1.04439809059191e-06,-0.316654861777553
"SMP_210172",2886.75195002556,1.72453944138307e-06,910,-1.79690589362465e-06,-0.544810443928049
"SMP_210172",2889.90625,8.16017413642096e-06,911,4.64217958950476e-06,1.40747934097439
"SMP_210172",2893.06054997444,3.68340499170269e-06,912,1.68762501213339e-07,0.0511677175363825
"SMP_210172",2896.21484017372,4.92773062895236e-06,913,1.41634222815583e-06,0.4294259598198
"SMP_210172",2899.37109017372,2.48019276875807e-06,914,-1.02803679230288e-06,-0.311694220145896
"SMP_210172",2902.52539014816,3.46772136671462e-06,915,-3.74477427916146e-08,-0.011353917557279
"SMP_210172",2905.6796901226,1.14351700365467e-06,916,-2.35868728602847e-06,-0.715138990833009
"SMP_210172",2908.8359401226,2.57771539635817e-06,917,-9.21617185303437e-07,-0.279428471818329
"SMP_210172",2911.99024009705,5.27848041907077e-07,918,-2.96870871672525e-06,-0.900093610684101
"SMP_210172",2915.14453005791,1.7614662787246e-06,919,-1.73240797190728e-06,-0.525255084079797
"SMP_210172",2918.30078005791,6.48378868194748e-06,920,2.99250598888031e-06,0.907308792321091
"SMP_210172",2921.45508003235,2.62417012884421e-06,921,-8.6461439277759e-07,-0.262145587494042
"SMP_210172",2924.61133003235,1.97073026030501e-06,922,-1.51564561129004e-06,-0.459534114309613
"SMP_210172",2927.76563000679,5.15562994272606e-06,923,1.67157099873059e-06,0.506809700556249
"SMP_210172",2930.91992020607,2.68316434892423e-06,924,-7.98667105620973e-07,-0.242150789258296
"SMP_210172",2934.07422018051,1.41807065502629e-06,925,-2.06162195954987e-06,-0.625070672303554
"SMP_210172",2937.22852015495,2.09976806158364e-06,926,-1.37787359468174e-06,-0.417762514697447
"SMP_210172",2940.38477015495,1.99183300060034e-06,927,-1.48384361685424e-06,-0.449891951763518
"SMP_210172",2943.53906011581,3.56048916359447e-06,928,8.66900067707287e-08,0.0262838589602578
"SMP_210172",2946.69531011581,4.0344284195963e-06,929,5.62422254388295e-07,0.170522852184661
"SMP_210172",2949.84961009026,-9.88901232654535e-07,930,-4.45920032162294e-06,-1.35200119016081
"SMP_210172",2953.0039100647,8.38786076698119e-06,931,4.91918474787026e-06,1.49146554405542
"SMP_210172",2956.1601600647,1.48691272962966e-06,932,-1.98022252477897e-06,-0.600390881141221
"SMP_210172",2959.31445002556,7.10589620475397e-07,933,-2.75508830748004e-06,-0.83532526059638
"SMP_210172",2962.46875,1.53921742392161e-06,934,-1.92508485413698e-06,-0.583673489915447
"SMP_210172",2965.625,8.37277018049254e-06,935,4.90976342144312e-06,1.48860905777455
"SMP_210172",2968.77929997444,7.14993487947213e-06,936,3.68814268298681e-06,1.11822141577758
"SMP_210172",2971.93359017372,-1.58924359204256e-06,937,-5.04990058560146e-06,-1.53109775508853
"SMP_210172",2975.08789014816,7.21864685409669e-06,938,3.75904648572462e-06,1.13971899802873
"SMP_210172",2978.24414014816,1.00485868485109e-05,939,6.58996588002137e-06,1.998035762086
"SMP_210172",2981.3984401226,1.45526415164314e-05,940,1.10949222875785e-05,3.36390990662837
"SMP_210172",2984.55274009705,-4.7274627993258e-07,941,-3.9296400254576e-06,-1.19144187480427
"SMP_210172",2987.70899009705,1.31736845876231e-05,942,9.71754128445495e-06,2.94629674255993
"SMP_210172",2990.86328005791,6.34948400342814e-06,943,2.89401594759185e-06,0.877447237908455
"SMP_210172",2994.01758003235,1.01559942871859e-05,944,6.70112754970342e-06,2.0317392736734
"SMP_210172",2997.17383003235,1.58605465450297e-05,945,1.2406208273574e-05,3.76148348167284
"SMP_210172",3000.32813000679,1.26720425973781e-05,946,9.21816006188139e-06,2.79488753046657
"SMP_210172",3003.48242020607,9.48353864972662e-06,947,6.03004024294e-06,1.82826986839767
